{"AdminPassword": "B18411FC8297B8E70B09ED424E0BEE04", "AdvancedRule": {"WhiteList": {"DomainLists": "(^|\\.)(www\\.mailcontrol\\.com|pac\\.hybrid-web\\.global\\.blackspider\\.com|ngep\\.blackspider\\.com|thomsonreuters\\.net|uatwebportal\\.hkicl\\.iclnet\\.hk|vlife-mac\\.fubonlife\\.com\\.tw|webportal\\.hkicl\\.iclnet\\.hk|wifivpn\\.taipeifubon\\.com\\.tw|www\\.stet\\.iclnet\\.hk)$", "IPList": ["10.199.2.45", "127.0.0.1"], "ProcessNames": "OUTLOOK\\.EXE|LINE\\.EXE|F5INSTALLERSERVICE\\.EXE|F5VPN\\.EXE|TEAMS\\.EXE|ONEDRIVE\\.EXE|LYNC\\.EXE|JAVAW\\.EXE|SK2\\.EXE|MSRDCW\\.EXE|ACWEBBROWSER\\.EXE|ADSKLICENSINGSERVICE\\.EXE|ACCEFSUBPROCESS\\.EXE|ADAPPMGRSVC\\.EXE|ACADLT\\.EXE|ADSSO\\.EXE|ADSKLICENSINGAGENT\\.EXE|AUTODESKDESKTOPAPP\\.EXE|VPNAGENT\\.EXE"}}, "ClientSetting": {"Communication": {"AutoUpgradeQueryInterval": 0, "AutoupgradeURI": "http://download.global.blackspider.com/ngepud/", "DispServerHostname": "ngep.blackspider.com", "EventLogUploadURL": "", "LogServerHostname": "ngep.blackspider.com", "LogUploadInterval": 0, "ManagementQueryInterval": 60}, "ContentUpload": 1, "FailOpen": 1, "Fallback": "Safe", "HTTPS": {"InspectHostnameOnly": 0, "SSLFilter": 1, "UpstreamVerification": 1, "WhiteList": "^10\\.219\\.46\\.254$|^uatwebportal\\.hkicl\\.iclnet\\.hk$|^vlife-mac\\.fubonlife\\.com\\.tw$|^vlife\\.fubonlife\\.com\\.tw$|^webportal\\.hkicl\\.iclnet\\.hk$|^wifivpn\\.taipeifubon\\.com\\.tw$|^www\\.stet\\.iclnet\\.hk$"}, "LogUpload": 0, "ProductMode": "DC", "StatsPeriod": 300, "URLLocalCache": 0}, "ContentUploadChannel": {"ClientRequestHeaders": [], "MaxFileSizeForScan": 10485760}, "EnableTrayiconMenu": 0, "PacfileUrl": "http://hybrid-web.global.blackspider.com:8082/proxy.pac?p=k2ds4ghbmv", "ProfileName": "DEFAULT", "ProfileSN": "0.0.0", "SchemaVersion": "1.0.0", "UpdateDate": "Wed Oct 15 2014 15:36:04 GMT"}