
<ILPClientConfiguration BypassVersion="1.0.0.0" Name="Default Profile" RefId="0" SN="55" SchemaVersion="16777216" UpdateDate="07/24/2023 08:26:10 GMT">
        <HugeFileSettings HugeFilePrefixSizeMB="5" HugeFileSuffixSizeMB="5" MaxFileInRamSizeMB="10">
          <HugeFileSettingByChannel ChannelType="16" HugeFileLimitMB="100"/>
          <HugeFileSettingByChannel ChannelType="2" HugeFileLimitMB="100"/>
          <HugeFileSettingByChannel ChannelType="7" HugeFileLimitMB="100"/>
          <HugeFileSettingByChannel ChannelType="9" HugeFileLimitMB="100"/>
          <HugeFileSettingByChannel ChannelType="10" HugeFileLimitMB="100"/>
          <HugeFileSettingByChannel ChannelType="11" HugeFileLimitMB="100"/>
          <HugeFileSettingByChannel ChannelType="12" HugeFileLimitMB="100"/>
          <HugeFileSettingByChannel ChannelType="14" HugeFileLimitMB="100"/>
</HugeFileSettings>
        <LocationArray>
          <Location CriteriaCPSconnection="1" Desc="Forcepoint Office location" Name="In_Office">
            <ILPProtection CloseActionOnAnalysisFailed="0" DisableBlockingCapabilities="0" EnableMonitoringRemoteBypass="0">
              <ILPInlineProxy Enable="0" EnableDriverWebTraffic="1" SystemPAC="1">
                <IncludeApps>
                  <ArCondition AppName="chrome.exe" OS="Windows"/>
                  <ArCondition AppName="microsoftedge.exe" OS="Windows"/>
                  <ArCondition AppName="msedge.exe" OS="Windows"/>
                  <ArCondition AppName="microsoftedgecp.exe" OS="Windows"/>
                  <ArCondition AppName="microsoftedgesh.exe" OS="Windows"/>
                  <ArCondition AppName="firefox.exe" OS="Windows"/>
                  <ArCondition AppName="iexplore.exe" OS="Windows"/>
                  <ArCondition AppName="google chrome helper" OS="Mac"/>
                  <ArCondition AppName="com.google.Chrome" OS="Mac"/>
                  <ArCondition AppName="com.apple.Safari" OS="Mac"/>
                  <ArCondition AppName="org.mozilla.firefox" OS="Mac"/>
                  <ArCondition AppName="firefox" OS="Mac"/>
</IncludeApps>
                <ExcludeDomains>
                  <ExcludeDomain URL="itunes.apple.com"/>
                  <ExcludeDomain URL="download.microsoft.com"/>
                  <ExcludeDomain URL="ntservicepack.microsoft.com"/>
                  <ExcludeDomain URL="office.microsoft.com"/>
                  <ExcludeDomain URL="update.microsoft.com"/>
                  <ExcludeDomain URL="windowsupdate.com"/>
                  <ExcludeDomain URL="windowsupdate.microsoft.com"/>
                  <ExcludeDomain URL="wustat.windows.com"/>
                  <ExcludeDomain URL="mozilla.org"/>
                  <ExcludeDomain URL="mozillamessaging.com"/>
                  <ExcludeDomain URL="az801095.vo.msecnd.net"/>
                  <ExcludeDomain URL="i.s-microsoft.com"/>
                  <ExcludeDomain URL="cloudwebsecurity.att.com"/>
                  <ExcludeDomain URL="ctc.threatpulse.com"/>
                  <ExcludeDomain URL="portal.threatpulse.com"/>
                  <ExcludeDomain URL="tomtom.com"/>
                  <ExcludeDomain URL="webex.com"/>
</ExcludeDomains>
</ILPInlineProxy>
              <ILPRemovableMedia Cid="11" Sid="16">
                <DeviceRule Action="USE_CONTENT_POLICY_ACTION"/>
                <BypassedApps>
                  <ArCondition AppName="SDCLT\.EXE" ResCompany="Microsoft Corporation" ResFileDescription="Microsoft® Windows Backup" ResProductName="Microsoft® Windows® Operating Sy"/>
                  <ArCondition AppName="MSACCESS\.EXE" ResCompany="Microsoft Corporation" ResFileDescription="Microsoft Access" ResProductName="Microsoft Office 2013"/>
                  <ArCondition AppName="LD\.EXE" ResCompany="Ld" ResFileDescription="Ld" ResProductName="Ld"/>
                  <ArCondition AppName="MSTSC\.EXE" ResCompany="Microsoft Corporation" ResFileDescription="Remote Desktop Connection" ResProductName="Microsoft® Windows® Operating Sy"/>
                  <ArCondition AppName="MSACCESS\.EXE" ResCompany="Microsoft Corporation" ResFileDescription="Microsoft Office Access" ResProductName="Microsoft Office 2003"/>
                  <ArCondition AppName="NTBACKUP\.EXE" ResCompany="Microsoft Corporation" ResFileDescription="Windows Backup Utility" ResProductName="Microsoft® Windows® Operating Sy"/>
                  <ArCondition AppName="FOXPRO\.EXE" ResCompany="FoxPro" ResFileDescription="FoxPro" ResProductName="FoxPro"/>
                  <ArCondition AppName="FOXPROW\.EXE" ResCompany="FoxPro" ResFileDescription="FoxPro" ResProductName="FoxPro"/>
                  <ArCondition AppName="MSACCESS\.EXE" ResCompany="Microsoft Corporation" ResFileDescription="Microsoft Office Access" ResProductName="2007 Microsoft Office system"/>
                  <ArCondition AppName="MSACCESS\.EXE" ResCompany="Microsoft Corporation" ResFileDescription="Microsoft Access" ResProductName="Microsoft Office 2010"/>
                  <ArCondition AppName="VMWARE\.EXE" ResCompany="VMware, Inc." ResFileDescription="VMware Virtual Machine Console" ResProductName="VMware Server"/>
</BypassedApps>
                <BypassedAppsCaseSensitive>
                  <ArCondition AppName="MSACCESS\.EXE" ResCompany="Microsoft Corporation" ResFileDescription="Microsoft Access" ResProductName="Microsoft Office 2013"/>
                  <ArCondition AppName="ld\.exe" ResCompany="Ld" ResFileDescription="Ld" ResProductName="Ld"/>
                  <ArCondition AppName="MSACCESS\.EXE" ResCompany="Microsoft Corporation" ResFileDescription="Microsoft Office Access" ResProductName="Microsoft Office 2003"/>
                  <ArCondition AppName="foxpro\.exe" ResCompany="FoxPro" ResFileDescription="FoxPro" ResProductName="FoxPro"/>
                  <ArCondition AppName="foxprow\.exe" ResCompany="FoxPro" ResFileDescription="FoxPro" ResProductName="FoxPro"/>
                  <ArCondition AppName="MSACCESS\.EXE" ResCompany="Microsoft Corporation" ResFileDescription="Microsoft Office Access" ResProductName="2007 Microsoft Office system"/>
                  <ArCondition AppName="MSACCESS\.EXE" ResCompany="Microsoft Corporation" ResFileDescription="Microsoft Access" ResProductName="Microsoft Office 2010"/>
                  <ArCondition AppName="sdclt\.exe" ResCompany="Microsoft Corporation" ResFileDescription="Microsoft® Windows Backup" ResProductName="Microsoft® Windows® Operating Sy"/>
                  <ArCondition AppName="vmware\.exe" ResCompany="VMware, Inc." ResFileDescription="VMware Virtual Machine Console" ResProductName="VMware Server"/>
                  <ArCondition AppName="mstsc\.exe" ResCompany="Microsoft Corporation" ResFileDescription="Remote Desktop Connection" ResProductName="Microsoft® Windows® Operating Sy"/>
                  <ArCondition AppName="ntbackup\.exe" ResCompany="Microsoft Corporation" ResFileDescription="Windows Backup Utility" ResProductName="Microsoft® Windows® Operating Sy"/>
</BypassedAppsCaseSensitive>
</ILPRemovableMedia>
              <ILPPrinter Cid="9" Sid="19">
                <AppRule Action="USE_CONTENT_POLICY_ACTION"/>
</ILPPrinter>
              <ILPAppFile Cid="10" Sid="15">
                <AppRule Action="USE_CONTENT_POLICY_ACTION" Appid="101">
                  <ArCondition ResCompany="Sonic Solutions" ResFileDescription="Roxio Creator Classic" ResProductName="Creator Classic"/>
                  <ArCondition ResCompany="Sonic Solutions" ResFileDescription="Roxio Creator Classic" ResProductName="Creator Classic"/>
                  <ArCondition AppName="MEDIAHUB\.EXE|CREATOR9\.EXE"/>
</AppRule>
                <AppRule Action="USE_CONTENT_POLICY_ACTION" Appid="102">
                  <ArCondition ResCompany="An Chen Computer Co., Ltd." ResFileDescription="CD Mate" ResProductName="CD Mate"/>
                  <ArCondition AppName="CDMATE\.EXE"/>
</AppRule>
                <AppRule Action="USE_CONTENT_POLICY_ACTION" Appid="100">
                  <ArCondition ResCompany="Nero AG" ResFileDescription="Nero Burning ROM" ResProductName="Nero Burning ROM"/>
                  <ArCondition AppName="NERO\.EXE"/>
</AppRule>
                <AppRule Action="USE_CONTENT_POLICY_ACTION" Appid="184">
                  <ArCondition ResCompany="Apple Inc." ResFileDescription="iTunes Application" ResProductName="iTunes"/>
                  <ArCondition AppName="ITUNES|ITUNES\.EXE"/>
</AppRule>
                <AppRule Action="USE_CONTENT_POLICY_ACTION" Appid="314">
                  <ArCondition AppName="DISK UTILITY"/>
</AppRule>
                <AppRule Action="USE_CONTENT_POLICY_ACTION" Appid="103">
                  <ArCondition ResCompany="Acoustica" ResFileDescription="Acoustica MP3 CD Burner" ResProductName="Acoustica MP3 CD Burner"/>
                  <ArCondition AppName="CDBURNER\.EXE"/>
</AppRule>
                <AppRule Action="USE_CONTENT_POLICY_ACTION" Appid="104">
                  <ArCondition ResCompany="Alcohol Soft Development Team" ResFileDescription="Alcohol 120%" ResProductName="Alcohol 120%"/>
                  <ArCondition ResCompany="Alcohol Soft Development Team" ResFileDescription="Alcohol Launcher" ResProductName="Alcohol Soft Development Team"/>
                  <ArCondition AppName="AXCMD\.EXE|ALCOHOL\.EXE"/>
</AppRule>
                <AppRule Action="USE_CONTENT_POLICY_ACTION" Appid="313">
                  <ArCondition ResCompany="Microsoft Corporation" ResFileDescription="Windows Media Player" ResProductName="Windows Media Player"/>
                  <ArCondition AppName="WMPLAYER\.EXE"/>
</AppRule>
</ILPAppFile>
              <ILPWebApp Cid="7" Sid="18">
                <WebAccessRule Action="USE_CONTENT_POLICY_ACTION"/>
                <BrowserSettings>
                  <BrowserExtension BrowserName="CHROME" EnableExtension="1" EnableMonitorMode="0"/>
</BrowserSettings>
</ILPWebApp>
              <ILPEmail Cid="2" Sid="20"/>
</ILPProtection>
</Location>
          <Location CriteriaCPSconnection="0" Desc="HOME" Name="Outside_Office">
            <ILPProtection CloseActionOnAnalysisFailed="0" EnableMonitoringRemoteBypass="0">
              <ILPInlineProxy Enable="0" EnableDriverWebTraffic="1" SystemPAC="1">
                <IncludeApps>
                  <ArCondition AppName="chrome.exe" OS="Windows"/>
                  <ArCondition AppName="microsoftedge.exe" OS="Windows"/>
                  <ArCondition AppName="msedge.exe" OS="Windows"/>
                  <ArCondition AppName="microsoftedgecp.exe" OS="Windows"/>
                  <ArCondition AppName="microsoftedgesh.exe" OS="Windows"/>
                  <ArCondition AppName="firefox.exe" OS="Windows"/>
                  <ArCondition AppName="iexplore.exe" OS="Windows"/>
                  <ArCondition AppName="google chrome helper" OS="Mac"/>
                  <ArCondition AppName="com.google.Chrome" OS="Mac"/>
                  <ArCondition AppName="com.apple.Safari" OS="Mac"/>
                  <ArCondition AppName="org.mozilla.firefox" OS="Mac"/>
                  <ArCondition AppName="firefox" OS="Mac"/>
</IncludeApps>
                <ExcludeDomains>
                  <ExcludeDomain URL="itunes.apple.com"/>
                  <ExcludeDomain URL="download.microsoft.com"/>
                  <ExcludeDomain URL="ntservicepack.microsoft.com"/>
                  <ExcludeDomain URL="office.microsoft.com"/>
                  <ExcludeDomain URL="update.microsoft.com"/>
                  <ExcludeDomain URL="windowsupdate.com"/>
                  <ExcludeDomain URL="windowsupdate.microsoft.com"/>
                  <ExcludeDomain URL="wustat.windows.com"/>
                  <ExcludeDomain URL="mozilla.org"/>
                  <ExcludeDomain URL="mozillamessaging.com"/>
                  <ExcludeDomain URL="az801095.vo.msecnd.net"/>
                  <ExcludeDomain URL="i.s-microsoft.com"/>
                  <ExcludeDomain URL="cloudwebsecurity.att.com"/>
                  <ExcludeDomain URL="ctc.threatpulse.com"/>
                  <ExcludeDomain URL="portal.threatpulse.com"/>
                  <ExcludeDomain URL="tomtom.com"/>
                  <ExcludeDomain URL="webex.com"/>
</ExcludeDomains>
</ILPInlineProxy>
              <ILPRemovableMedia Cid="11" Sid="16">
                <DeviceRule Action="USE_CONTENT_POLICY_ACTION"/>
                <BypassedApps>
                  <ArCondition AppName="SDCLT\.EXE" ResCompany="Microsoft Corporation" ResFileDescription="Microsoft® Windows Backup" ResProductName="Microsoft® Windows® Operating Sy"/>
                  <ArCondition AppName="MSACCESS\.EXE" ResCompany="Microsoft Corporation" ResFileDescription="Microsoft Access" ResProductName="Microsoft Office 2013"/>
                  <ArCondition AppName="LD\.EXE" ResCompany="Ld" ResFileDescription="Ld" ResProductName="Ld"/>
                  <ArCondition AppName="MSTSC\.EXE" ResCompany="Microsoft Corporation" ResFileDescription="Remote Desktop Connection" ResProductName="Microsoft® Windows® Operating Sy"/>
                  <ArCondition AppName="MSACCESS\.EXE" ResCompany="Microsoft Corporation" ResFileDescription="Microsoft Office Access" ResProductName="Microsoft Office 2003"/>
                  <ArCondition AppName="NTBACKUP\.EXE" ResCompany="Microsoft Corporation" ResFileDescription="Windows Backup Utility" ResProductName="Microsoft® Windows® Operating Sy"/>
                  <ArCondition AppName="FOXPRO\.EXE" ResCompany="FoxPro" ResFileDescription="FoxPro" ResProductName="FoxPro"/>
                  <ArCondition AppName="FOXPROW\.EXE" ResCompany="FoxPro" ResFileDescription="FoxPro" ResProductName="FoxPro"/>
                  <ArCondition AppName="MSACCESS\.EXE" ResCompany="Microsoft Corporation" ResFileDescription="Microsoft Office Access" ResProductName="2007 Microsoft Office system"/>
                  <ArCondition AppName="MSACCESS\.EXE" ResCompany="Microsoft Corporation" ResFileDescription="Microsoft Access" ResProductName="Microsoft Office 2010"/>
                  <ArCondition AppName="VMWARE\.EXE" ResCompany="VMware, Inc." ResFileDescription="VMware Virtual Machine Console" ResProductName="VMware Server"/>
</BypassedApps>
                <BypassedAppsCaseSensitive>
                  <ArCondition AppName="MSACCESS\.EXE" ResCompany="Microsoft Corporation" ResFileDescription="Microsoft Access" ResProductName="Microsoft Office 2013"/>
                  <ArCondition AppName="ld\.exe" ResCompany="Ld" ResFileDescription="Ld" ResProductName="Ld"/>
                  <ArCondition AppName="MSACCESS\.EXE" ResCompany="Microsoft Corporation" ResFileDescription="Microsoft Office Access" ResProductName="Microsoft Office 2003"/>
                  <ArCondition AppName="foxpro\.exe" ResCompany="FoxPro" ResFileDescription="FoxPro" ResProductName="FoxPro"/>
                  <ArCondition AppName="foxprow\.exe" ResCompany="FoxPro" ResFileDescription="FoxPro" ResProductName="FoxPro"/>
                  <ArCondition AppName="MSACCESS\.EXE" ResCompany="Microsoft Corporation" ResFileDescription="Microsoft Office Access" ResProductName="2007 Microsoft Office system"/>
                  <ArCondition AppName="MSACCESS\.EXE" ResCompany="Microsoft Corporation" ResFileDescription="Microsoft Access" ResProductName="Microsoft Office 2010"/>
                  <ArCondition AppName="sdclt\.exe" ResCompany="Microsoft Corporation" ResFileDescription="Microsoft® Windows Backup" ResProductName="Microsoft® Windows® Operating Sy"/>
                  <ArCondition AppName="vmware\.exe" ResCompany="VMware, Inc." ResFileDescription="VMware Virtual Machine Console" ResProductName="VMware Server"/>
                  <ArCondition AppName="mstsc\.exe" ResCompany="Microsoft Corporation" ResFileDescription="Remote Desktop Connection" ResProductName="Microsoft® Windows® Operating Sy"/>
                  <ArCondition AppName="ntbackup\.exe" ResCompany="Microsoft Corporation" ResFileDescription="Windows Backup Utility" ResProductName="Microsoft® Windows® Operating Sy"/>
</BypassedAppsCaseSensitive>
</ILPRemovableMedia>
              <ILPPrinter Cid="9" Sid="19">
                <AppRule Action="USE_CONTENT_POLICY_ACTION"/>
</ILPPrinter>
              <ILPAppFile Cid="10" Sid="15">
                <AppRule Action="USE_CONTENT_POLICY_ACTION" Appid="101">
                  <ArCondition ResCompany="Sonic Solutions" ResFileDescription="Roxio Creator Classic" ResProductName="Creator Classic"/>
                  <ArCondition ResCompany="Sonic Solutions" ResFileDescription="Roxio Creator Classic" ResProductName="Creator Classic"/>
                  <ArCondition AppName="MEDIAHUB\.EXE|CREATOR9\.EXE"/>
</AppRule>
                <AppRule Action="USE_CONTENT_POLICY_ACTION" Appid="102">
                  <ArCondition ResCompany="An Chen Computer Co., Ltd." ResFileDescription="CD Mate" ResProductName="CD Mate"/>
                  <ArCondition AppName="CDMATE\.EXE"/>
</AppRule>
                <AppRule Action="USE_CONTENT_POLICY_ACTION" Appid="100">
                  <ArCondition ResCompany="Nero AG" ResFileDescription="Nero Burning ROM" ResProductName="Nero Burning ROM"/>
                  <ArCondition AppName="NERO\.EXE"/>
</AppRule>
                <AppRule Action="USE_CONTENT_POLICY_ACTION" Appid="184">
                  <ArCondition ResCompany="Apple Inc." ResFileDescription="iTunes Application" ResProductName="iTunes"/>
                  <ArCondition AppName="ITUNES|ITUNES\.EXE"/>
</AppRule>
                <AppRule Action="USE_CONTENT_POLICY_ACTION" Appid="314">
                  <ArCondition AppName="DISK UTILITY"/>
</AppRule>
                <AppRule Action="USE_CONTENT_POLICY_ACTION" Appid="103">
                  <ArCondition ResCompany="Acoustica" ResFileDescription="Acoustica MP3 CD Burner" ResProductName="Acoustica MP3 CD Burner"/>
                  <ArCondition AppName="CDBURNER\.EXE"/>
</AppRule>
                <AppRule Action="USE_CONTENT_POLICY_ACTION" Appid="104">
                  <ArCondition ResCompany="Alcohol Soft Development Team" ResFileDescription="Alcohol 120%" ResProductName="Alcohol 120%"/>
                  <ArCondition ResCompany="Alcohol Soft Development Team" ResFileDescription="Alcohol Launcher" ResProductName="Alcohol Soft Development Team"/>
                  <ArCondition AppName="AXCMD\.EXE|ALCOHOL\.EXE"/>
</AppRule>
                <AppRule Action="USE_CONTENT_POLICY_ACTION" Appid="313">
                  <ArCondition ResCompany="Microsoft Corporation" ResFileDescription="Windows Media Player" ResProductName="Windows Media Player"/>
                  <ArCondition AppName="WMPLAYER\.EXE"/>
</AppRule>
</ILPAppFile>
              <ILPWebApp Cid="7" Sid="18">
                <WebAccessRule Action="USE_CONTENT_POLICY_ACTION"/>
                <BrowserSettings>
                  <BrowserExtension BrowserName="CHROME" EnableExtension="1" EnableMonitorMode="0"/>
</BrowserSettings>
</ILPWebApp>
              <ILPEmail Cid="2" Sid="20"/>
</ILPProtection>
</Location>
</LocationArray>
        <UserInterface DefaultActionOnError="ALLOW" DefaultActionOnUserPromptTimeout="BLOCK" DisableFileOperationTooltip="0" DisableScanProgressTooltip="1" EnableRemoteBypass="1" EnableSuperBypass="0" LocalBypassButtonTimeout="60000" Mode="NORMAL" ShowConfirmViolatedDetails="0" ShowDetailsOnDataReviewCenter="0" ShowExportDecryptToolMenu="1">
          <ConfirmDialogTime ApplicationMaxTime="30" ClipboardMaxTime="30" EmailMaxTime="30" LanMaxTime="30" PrintFileMaxTime="30" RemovableMaxTime="30" WebPostMaxTime="30"/>
</UserInterface>
        <Log MaxLogSize="16384"/>
        <AntiTampering Enable="1"/>
        <ExcludedApps>
          <ArCondition AppName="GSMETA\.EXE|GINFORSRV\.EXE|PHPED\.EXE"/>
</ExcludedApps>
        <ContainedFiles IgnoreSpaceLimit="0" LifeTime="604800" MinDiskSpace="500" UpperLimit="100"/>
        <Communication HeartbeatInterval="600"/>
        <Encryption>
          <PrimaryKey FileHeader="This file is protected by Forcepoint DLP Endpoint. Open it on an authorized endpoint machine or run the decryption utility that's on the removable media." Key="W2cy8d5vTAsLyEstTXsYc4thdIrwAg2LGJskO3K6sdHE3e7rsxFhGRFuV6L2sGqll2LfRGFjzbCrhSOwa4MhHQ==" KeyID="1461974942"/>
</Encryption>
</ILPClientConfiguration>