<?xml version="1.0" encoding="UTF-8"?>
<contentExtractor>
	<maxExtractedBytes>52428800</maxExtractedBytes>
	<maxBinaryExtract>100</maxBinaryExtract>
	<maxTextualBuffer>1048576</maxTextualBuffer>
	<binaryExtractBufferThreshold>500000</binaryExtractBufferThreshold>
	<pdfMetaDataSearchPattern></pdfMetaDataSearchPattern>
	<mimeBodyType>1</mimeBodyType>
	<enforceDestinationPath>false</enforceDestinationPath>
	<formatDetectors>
		<name>autonomy</name>
		<name>Base64</name>		
		<name>PRTDetector</name>
		<name>DRWDetector</name>
		<name>ASMDetector</name>
		<name>FRMDetector</name>		
		<name>PFXDetector</name>
		<name>IncompleteZipDetector</name>
		<name>SELDetector</name>
		<name>NIEMDetector</name>
		<name>XCBFDetector</name>
		<name>SignatureDetector</name>
		<name>EncryptedOneNoteDetector</name>
	</formatDetectors>
	<extractors>
		<fileType id="-1">
			<!-- default -->
			<textExtractors>
				<name>autonomy</name>
			</textExtractors>
			<binaryExtractors>
				<name>autonomy</name>
			</binaryExtractors>
			<metadataExtractors/>
		</fileType>
		<fileType id="0">
			<!-- Unknown_FMT -->
			<textExtractors/>
			<binaryExtractors/>
			<metadataExtractors/>
		</fileType>
		<fileType id="2" priority="90">
			<!-- ASCII_Text_FMT -->
			<textExtractors>
				<name>icuAsciiTextExtractor</name>
			</textExtractors>
			<binaryExtractors/>
			<metadataExtractors/>
		</fileType>
		<fileType id="363">
			<!-- ASCII_Text_FMT -->
			<textExtractors>
				<name>icuAsciiTextExtractor</name>
			</textExtractors>
			<binaryExtractors/>
			<metadataExtractors/>
		</fileType>
		<fileType id="293" priority="90">
			<!-- Unicode_FMT -->
			<textExtractors>
				<name>unicodeTextExtractor</name>
			</textExtractors>
			<binaryExtractors/>
			<metadataExtractors/>
		</fileType>
		<fileType id="230" priority="20">
			<!-- PDF_FMT -->
			<textExtractors>
				<name>autonomyPDF</name>
				<name>OCRTextExtractor</name>
			</textExtractors>
			<binaryExtractors>
				<name>autonomy</name>
			</binaryExtractors>
			<metadataExtractors>
				<name>autonomyXMP</name>
			</metadataExtractors>
		</fileType>
		<fileType id="9771" priority="20">
			<!-- Digitally Signed PDF File (Native) FMT -->
			<textExtractors>
				<name>autonomyPDF</name>
				<name>OCRTextExtractor</name>
			</textExtractors>
			<binaryExtractors>
				<name>autonomy</name>
			</binaryExtractors>
			<metadataExtractors>
				<name>autonomyXMP</name>
			</metadataExtractors>
		</fileType>
   <fileType id="232">
      <!-- SMTP_FMT -->
      <textExtractors/>
      <binaryExtractors>
        <name>MimeExtractor</name>
      </binaryExtractors>
      <metadataExtractors/>
    </fileType>
   <fileType id="233">
      <!-- MIME_FMT -->
      <textExtractors/>
      <binaryExtractors>
        <name>MimeExtractor</name>
      </binaryExtractors>
      <metadataExtractors/>
    </fileType>
	<fileType id="395">
      <!-- MHT -->
      <textExtractors/>
      <binaryExtractors>
        <name>MimeExtractor</name>
      </binaryExtractors>
      <metadataExtractors/>
    </fileType>
		<fileType id="224" priority="60">
			<!-- GZ_Compress_FMT -->
			<textExtractors/>
			<binaryExtractors>
				<name>autonomy</name>
			</binaryExtractors>
			<metadataExtractors/>
		</fileType>
		<fileType id="157" priority="60">
			<!-- PKZIP_FMT -->
			<textExtractors/>
			<binaryExtractors>
				<name>autonomy</name>
			</binaryExtractors>
			<metadataExtractors/>
		</fileType>
		<fileType id="357" priority="60">
			<!-- RAR_FMT -->
			<textExtractors/>
			<binaryExtractors>
				<name>autonomy</name>
			</binaryExtractors>
			<metadataExtractors/>
		</fileType>
		<fileType id="225" priority="60">
			<!-- TAR_FMT -->
			<textExtractors/>
			<binaryExtractors>
				<name>autonomy</name>
			</binaryExtractors>
			<metadataExtractors/>
		</fileType>
		<fileType id="369" priority="60">
			<!-- LZH_FMT -->
			<textExtractors/>
			<binaryExtractors>
				<name>autonomy</name>
			</binaryExtractors>
			<metadataExtractors/>
		</fileType>
		<fileType id="387" priority="60">
			<!--Z7Z_FMT-->
			<textExtractors/>
			<binaryExtractors>
				<name>autonomy</name>
			</binaryExtractors>
			<metadataExtractors/>
		</fileType>
		<fileType id="1030" priority="60">
			<!--ARJ_FMT-->
			<textExtractors/>
			<binaryExtractors>
				<name>autonomy</name>
			</binaryExtractors>
			<metadataExtractors/>
		</fileType>
		<fileType id="389">
			<!--CAB_FMT-->
			<textExtractors/>
			<binaryExtractors>
				<name>autonomy</name>
			</binaryExtractors>
			<metadataExtractors/>
		</fileType>
		<fileType id="1005">
			<!--CHM_FMT-->
			<textExtractors/>
			<binaryExtractors/>
			<metadataExtractors/>
		</fileType>
		<fileType id="1006">
			<!--COMPOUND_FMT-->
			<textExtractors/>
			<binaryExtractors/>
			<metadataExtractors/>
		</fileType>
		<fileType id="1007">
			<!--CPIO_FMT-->
			<textExtractors/>
			<binaryExtractors/>
			<metadataExtractors/>
		</fileType>
		<fileType id="1008">
			<!--DEB_FMT-->
			<textExtractors/>
			<binaryExtractors/>
			<metadataExtractors/>
		</fileType>
		<fileType id="414">
			<!--ISO_FMT-->
			<textExtractors/>
			<binaryExtractors/>
			<metadataExtractors/>
		</fileType>
		<fileType id="1012">
			<!--NSIS_FMT-->
			<textExtractors/>
			<binaryExtractors/>
			<metadataExtractors/>
		</fileType>
		<fileType id="1014">
			<!--RPM_FMT-->
			<textExtractors/>
			<binaryExtractors/>
			<metadataExtractors/>
		</fileType>
		<fileType id="1015">
			<!--SPLIT_FMT-->
			<textExtractors/>
			<binaryExtractors/>
			<metadataExtractors/>
		</fileType>
		<fileType id="1017">
			<!--WIM_FMT-->
			<textExtractors/>
			<binaryExtractors/>
			<metadataExtractors/>
		</fileType>
		<fileType id="1018">
			<!--Z_FMT-->
			<textExtractors/>
			<binaryExtractors/>
			<metadataExtractors/>
		</fileType>
		<fileType id="305" priority="80">
			<!--MS_Word_97_FMT-->
			<textExtractors>
				<name>autonomy</name>
				<name>plainTextExtractor</name>
			</textExtractors>
			<binaryExtractors>
				<name>autonomy</name>
			</binaryExtractors>
			<metadataExtractors>
				<name>autonomy</name>
			</metadataExtractors>
		</fileType>
		<fileType id="321" priority="80">
			<!--MS_Word_2000_FMT-->
			<textExtractors>
				<name>autonomy</name>
				<name>plainTextExtractor</name>
			</textExtractors>
			<binaryExtractors>
				<name>autonomy</name>
			</binaryExtractors>
			<metadataExtractors>
				<name>autonomy</name>
			</metadataExtractors>
		</fileType>
		<fileType id="360" priority="80">
			<!--MS_Word_2007_FMT-->
			<textExtractors>
				<name>autonomy</name>
			</textExtractors>
			<binaryExtractors>
				<name>autonomy</name>
			</binaryExtractors>
			<metadataExtractors>
				<name>autonomy</name>
			</metadataExtractors>
		</fileType>
		<fileType id="349" priority="80">
			<!--MS_Word_XML_FMT-->
			<textExtractors>
				<name>autonomy</name>
			</textExtractors>
			<binaryExtractors/>
			<metadataExtractors>
				<name>autonomy</name>
			</metadataExtractors>
		</fileType>
		<fileType id="306" priority="80">
			<!-- Excel_FMT -->
			<textExtractors>
				<name>autonomy</name>
			</textExtractors>
			<binaryExtractors>
				<name>autonomy</name>
			</binaryExtractors>
			<metadataExtractors>
				<name>autonomy</name>
			</metadataExtractors>
		</fileType>
		<fileType id="307" priority="80">
			<!-- Excel_Chart_FMT -->
			<textExtractors>
				<name>autonomy</name>
			</textExtractors>
			<binaryExtractors>
				<name>autonomy</name>
			</binaryExtractors>
			<metadataExtractors>
				<name>autonomy</name>
			</metadataExtractors>
		</fileType>
		<fileType id="308" priority="80">
			<!-- Excel_Macro_FMT -->
			<textExtractors>
				<name>autonomy</name>
			</textExtractors>
			<binaryExtractors>
				<name>autonomy</name>
			</binaryExtractors>
			<metadataExtractors>
				<name>autonomy</name>
			</metadataExtractors>
		</fileType>
		<fileType id="309" priority="80">
			<!-- Excel_95_FMT -->
			<textExtractors>
				<name>autonomy</name>
			</textExtractors>
			<binaryExtractors>
				<name>autonomy</name>
			</binaryExtractors>
			<metadataExtractors>
				<name>autonomy</name>
			</metadataExtractors>
		</fileType>
		<fileType id="310" priority="80">
			<!-- Excel_97_FMT -->
			<textExtractors>
				<name>autonomy</name>
			</textExtractors>
			<binaryExtractors>
				<name>autonomy</name>
			</binaryExtractors>
			<metadataExtractors>
				<name>autonomy</name>
			</metadataExtractors>
		</fileType>
		<fileType id="322" priority="80">
			<!-- Excel_2000_FMT -->
			<textExtractors>
				<name>autonomy</name>
			</textExtractors>
			<binaryExtractors>
				<name>autonomy</name>
			</binaryExtractors>
			<metadataExtractors>
				<name>autonomy</name>
			</metadataExtractors>
		</fileType>
		<fileType id="350" priority="80">
			<!-- MS_Excel_XML_FMT -->
			<textExtractors>
				<name>autonomy</name>
			</textExtractors>
			<binaryExtractors>
				<name>autonomy</name>
			</binaryExtractors>
			<metadataExtractors>
				<name>autonomy</name>
			</metadataExtractors>
		</fileType>
		<fileType id="361" priority="80">
			<!-- MS_Excel_2007_FMT -->
			<textExtractors>
				<name>autonomy</name>
			</textExtractors>
			<binaryExtractors>
				<name>autonomy</name>
			</binaryExtractors>
			<metadataExtractors>
				<name>autonomy</name>
			</metadataExtractors>
		</fileType>
		<fileType id="117" priority="80">
			<!-- PowerPoint_Win_FMT -->
			<textExtractors>
				<name>autonomy</name>
			</textExtractors>
			<binaryExtractors>
				<name>autonomy</name>
			</binaryExtractors>
			<metadataExtractors>
				<name>autonomy</name>
			</metadataExtractors>
		</fileType>
		<fileType id="118" priority="80">
			<!-- PowerPoint_Mac_FMT -->
			<textExtractors>
				<name>autonomy</name>
			</textExtractors>
			<binaryExtractors>
				<name>autonomy</name>
			</binaryExtractors>
			<metadataExtractors>
				<name>autonomy</name>
			</metadataExtractors>
		</fileType>
		<fileType id="119" priority="80">
			<!-- PowerPoint_95_FMT -->
			<textExtractors>
				<name>autonomy</name>
			</textExtractors>
			<binaryExtractors>
				<name>autonomy</name>
			</binaryExtractors>
			<metadataExtractors>
				<name>autonomy</name>
			</metadataExtractors>
		</fileType>
		<fileType id="120" priority="80">
			<!-- PowerPoint_97_FMT -->
			<textExtractors>
				<name>autonomy</name>
			</textExtractors>
			<binaryExtractors>
				<name>autonomy</name>
			</binaryExtractors>
			<metadataExtractors>
				<name>autonomy</name>
			</metadataExtractors>
		</fileType>
		<fileType id="323" priority="80">
			<!-- PowerPoint_2000_FMT -->
			<textExtractors>
				<name>autonomy</name>
			</textExtractors>
			<binaryExtractors>
				<name>autonomy</name>
			</binaryExtractors>
			<metadataExtractors>
				<name>autonomy</name>
			</metadataExtractors>
		</fileType>
		<fileType id="362" priority="80">
			<!-- MS_PPT_2007_FMT -->
			<textExtractors>
				<name>autonomy</name>
			</textExtractors>
			<binaryExtractors>
				<name>autonomy</name>
			</binaryExtractors>
			<metadataExtractors>
				<name>autonomy</name>
			</metadataExtractors>
		</fileType>
		<fileType id="154" priority="80">
			<!-- MS_Project_Activity_FMT -->
			<textExtractors>
				<name>autonomy</name>
			</textExtractors>
			<binaryExtractors>
				<name>autonomy</name>
			</binaryExtractors>
			<metadataExtractors>
				<name>autonomy</name>
			</metadataExtractors>
		</fileType>
		<fileType id="155" priority="80">
			<!-- MS_Project_Resource_FMT -->
			<textExtractors>
				<name>autonomy</name>
			</textExtractors>
			<binaryExtractors>
				<name>autonomy</name>
			</binaryExtractors>
			<metadataExtractors>
				<name>autonomy</name>
			</metadataExtractors>
		</fileType>
		<fileType id="156" priority="80">
			<!-- MS_Project_Calc_FMT -->
			<textExtractors>
				<name>autonomy</name>
			</textExtractors>
			<binaryExtractors>
				<name>autonomy</name>
			</binaryExtractors>
			<metadataExtractors>
				<name>autonomy</name>
			</metadataExtractors>
		</fileType>
		<fileType id="283" priority="80">
			<!-- MS_Access_FMT -->
			<textExtractors>
				<name>autonomy</name>
			</textExtractors>
			<binaryExtractors>
				<name>autonomy</name>
			</binaryExtractors>
			<metadataExtractors>
				<name>autonomy</name>
			</metadataExtractors>
		</fileType>
		<fileType id="284" priority="80">
			<!-- MS_Access_95_FMT -->
			<textExtractors>
				<name>autonomy</name>
			</textExtractors>
			<binaryExtractors>
				<name>autonomy</name>
			</binaryExtractors>
			<metadataExtractors>
				<name>autonomy</name>
			</metadataExtractors>
		</fileType>
		<fileType id="285" priority="80">
			<!-- MS_Access_97_FMT -->
			<textExtractors>
				<name>autonomy</name>
			</textExtractors>
			<binaryExtractors>
				<name>autonomy</name>
			</binaryExtractors>
			<metadataExtractors>
				<name>autonomy</name>
			</metadataExtractors>
		</fileType>
		<fileType id="324" priority="80">
			<!-- MS_Access_2000_FMT -->
			<textExtractors>
				<name>autonomy</name>
			</textExtractors>
			<binaryExtractors>
				<name>autonomy</name>
			</binaryExtractors>
			<metadataExtractors>
				<name>autonomy</name>
			</metadataExtractors>
		</fileType>
		<fileType id="351">
			<!-- MS_Visio_XML_FMT -->
			<textExtractors>
				<name>autonomy</name>
			</textExtractors>
			<binaryExtractors>
				<name>autonomy</name>
			</binaryExtractors>
			<metadataExtractors>
				<name>autonomy</name>
			</metadataExtractors>
		</fileType>
		<fileType id="180" priority="80">
			<!-- CSV_FMT -->
			<textExtractors>
				<name>icuAsciiTextExtractor</name>
			</textExtractors>
			<binaryExtractors/>
			<metadataExtractors/>
		</fileType>
		<fileType id="388" priority="80">
		  <!-- MS_Excel_Binary_2007_FMT -->
		  <textExtractors>
			<name>autonomy</name>
		  </textExtractors>
		  <binaryExtractors>
			<name>autonomy</name>
		  </binaryExtractors>
		  <metadataExtractors>
			<name>autonomy</name>
		  </metadataExtractors>
		</fileType>

		<fileType id="424">
			<!-- Dicom_FMT	 -->
			<textExtractors>
				<name>autonomy</name>			
			</textExtractors>
			<binaryExtractors/>
			<metadataExtractors>
				<name>autonomy</name>
			</metadataExtractors>
		</fileType>
		<fileType id="163">
			<!-- MS_WAVE_Audio_FMT -->
			<textExtractors/>
			<binaryExtractors/>
			<metadataExtractors/>
		</fileType>
		<fileType id="345" priority="80">
			<!-- MS_Outlook_Fmt -->
			<textExtractors/>
			<binaryExtractors>
				<name>autonomyEML</name>
			</binaryExtractors>
			<metadataExtractors/>
		</fileType>
		<fileType id="1022">
		  <!-- ZIP_ENCRYPTED_FMT -->
		  <textExtractors/>
		  <binaryExtractors/>
		  <metadataExtractors/>
		</fileType>
		<fileType id="1033">
		  <!-- RAR_ENCRYPTED_FMT -->
		  <textExtractors/>
			<binaryExtractors/>
			<metadataExtractors/>
		</fileType>
    <fileType id="5" priority="10">
	   <!-- BMP_FMT -->
      <textExtractors>
        <name>OCRTextExtractor</name>
      </textExtractors>
      <binaryExtractors/>
      <metadataExtractors/>
    </fileType>
    <fileType id="143" priority="10">
     <!-- JPEG_File_Interchange_FMT -->
      <textExtractors>
        <name>OCRTextExtractor</name>
      </textExtractors>
      <binaryExtractors/>
      <metadataExtractors>
	    <name>autonomy</name>
      </metadataExtractors>
    </fileType>
     <fileType id="238" priority="10">
      <!-- PNG_FMT -->
      <textExtractors>
        <name>OCRTextExtractor</name>
      </textExtractors>
      <binaryExtractors/>
      <metadataExtractors/>
    </fileType>
    <fileType id="26" priority="10">
    <!-- GIF_87a_FMT -->
      <textExtractors>
        <name>OCRTextExtractor</name>
      </textExtractors>
      <binaryExtractors/>
      <metadataExtractors/>
    </fileType>
    <fileType id="27" priority="10">
    <!-- GIF_89a_FMT -->
      <textExtractors>
        <name>OCRTextExtractor</name>
      </textExtractors>
      <binaryExtractors/>
      <metadataExtractors/>
    </fileType>
    <fileType id="83" priority="10">
    <!-- TIFF_FMT -->
      <textExtractors>
        <name>OCRTextExtractor</name>
      </textExtractors>
		  <binaryExtractors/>
		  <metadataExtractors/>
	</fileType>
    <fileType id="440" priority="10">
	   <!-- JPEG_2000_JP2_File_FMT -->
      <textExtractors>
        <name>OCRTextExtractor</name>
      </textExtractors>
      <binaryExtractors/>
      <metadataExtractors/>
    </fileType>
    <fileType id="446" priority="10">
	   <!-- JBIG2_FMT -->
      <textExtractors>
        <name>OCRTextExtractor</name>
      </textExtractors>
      <binaryExtractors/>
      <metadataExtractors/>
    </fileType>
    <fileType id="68" priority="10">
	   <!-- PC_Paintbrush_FMT -->
      <textExtractors>
        <name>OCRTextExtractor</name>
      </textExtractors>
      <binaryExtractors/>
      <metadataExtractors/>
    </fileType>
    <fileType id="73">
      <!-- PostScript_FMT -->
      <textExtractors>
        <name>icuAsciiTextExtractor</name>
      </textExtractors>
      <binaryExtractors/>
      <metadataExtractors/>
    </fileType>
	<fileType id="1021">
	  <!-- Base64_FMT -->
	  <textExtractors>
	  </textExtractors>
	  <binaryExtractors>
	    <name>Base64</name>
	  </binaryExtractors>
	  <metadataExtractors>
	  </metadataExtractors>
	</fileType>
	<fileType id="1044">
		<!-- JSON_FMT -->
		<textExtractors>
		</textExtractors>
		<binaryExtractors>
			<name>JSON</name>
		</binaryExtractors>
		<metadataExtractors/>
	</fileType>
    <fileType id="373" priority="80">
        <!--ODF_Text_FMT-->
        <textExtractors>
            <name>autonomy</name>
        </textExtractors>
        <binaryExtractors>
            <name>autonomy</name>
        </binaryExtractors>
        <metadataExtractors>
            <name>autonomy</name>
        </metadataExtractors>
    </fileType>
	<fileType id="2370" priority="90">
		<!-- Office_2007_RMS_PROTECTED_FMT -->
		<textExtractors>
		</textExtractors>
		<binaryExtractors>
		</binaryExtractors>
		<metadataExtractors>
			<name>autonomy</name>
		</metadataExtractors>
	</fileType>
    <fileType id="1047">
        <!-- BINARY_ASCII_FMT -->
        <textExtractors>
        </textExtractors>
        <binaryExtractors>
            <name>BinaryAscii</name>
        </binaryExtractors>
        <metadataExtractors/>
    </fileType>
	<fileType id="274">
		<!-- AutoDesk_DWG_FMT -->
		<textExtractors>
			<name>autonomy</name>
		</textExtractors>
		<binaryExtractors>
			<name>autonomy</name>
		</binaryExtractors>
		<metadataExtractors>
			<name>autonomy</name>
		</metadataExtractors>
	</fileType>
	<fileType id="343">
		<!-- MS_Visio_FMT -->
		<textExtractors>
			<name>autonomy</name>
		</textExtractors>
		<binaryExtractors/>
		<metadataExtractors>
			<name>autonomy</name>
		</metadataExtractors>
	</fileType>
	<fileType id="467">
		<!-- MS_Visio_2013_Fmt -->
		<textExtractors>
			<name>autonomy</name>
		</textExtractors>
		<binaryExtractors>
			<name>autonomy</name>
		</binaryExtractors>
		<metadataExtractors>
			<name>autonomy</name>
		</metadataExtractors>
	</fileType>
	<fileType id="466">
		<!-- ICS_Fmt -->
		<textExtractors>
			<name>icuAsciiTextExtractor</name>
		</textExtractors>
		<binaryExtractors>
			<name>autonomy</name>
		</binaryExtractors>
		<metadataExtractors/>
	</fileType>
	<fileType id="496">
		<!-- STEP_Fmt -->
		<textExtractors>
			<name>icuAsciiTextExtractor</name>
		</textExtractors>
		<binaryExtractors/>
		<metadataExtractors/>
	</fileType>
	<fileType id="497">
		<!-- STL_Fmt -->
		<textExtractors>
			<name>icuAsciiTextExtractor</name>
		</textExtractors>
		<binaryExtractors/>
		<metadataExtractors/>
	</fileType>
  </extractors>
	<autonomySettings>
		<runInProcess>0</runInProcess>
		<timeout>120</timeout>
		<exportAllMetadata>1</exportAllMetadata>
		<tempDir>KVTemp</tempDir>
		<maxFileModAge>240</maxFileModAge>
		<cleanupIntervalTime>240</cleanupIntervalTime>  <!-- The cleanup procedure will be active only if cleanupIntervalTime != 0 -->
	</autonomySettings>
	<timeoutSettings>		
		<exractionMaxPercentage>85</exractionMaxPercentage>		
		<enforcedForMaxPriority>60</enforcedForMaxPriority>	
	</timeoutSettings>
		<pythonSettings>
		<detectorsPath></detectorsPath>
		<detectors>
			<detector name="PRTDetector">
				<module>PRTDetector</module>
				<method>detect_PRT</method>
				<supportedTypes>
					<type>0</type>
					<type>487</type>
				</supportedTypes>
				<detectedTypes>
					<type>9876</type>
				</detectedTypes>
			</detector>	
			<detector name="DRWDetector">
				<module>DRWDetector</module>
				<method>detect_DRW</method>
				<supportedTypes>
					<type>0</type>
					<type>487</type>
				</supportedTypes>
				<detectedTypes>
					<type>9877</type>
				</detectedTypes>
			</detector>
			<detector name="ASMDetector">
				<module>ASMDetector</module>
				<method>detect_ASM</method>
				<supportedTypes>
					<type>0</type>
					<type>487</type>
				</supportedTypes>
				<detectedTypes>
					<type>9878</type>
				</detectedTypes>
			</detector>
			<detector name="FRMDetector">
				<module>FRMDetector</module>
				<method>detect_FRM</method>
				<supportedTypes>
					<type>0</type>
					<type>487</type>
				</supportedTypes>
				<detectedTypes>
					<type>9879</type>
				</detectedTypes>
			</detector>
			<detector name="PFXDetector">
				<module>PFXDetector</module>
				<method>detect_PFX</method>
				<supportedTypes>
					<type>0</type>
				</supportedTypes>
				<detectedTypes>
					<type>9970</type>
				</detectedTypes>
			</detector>
			<detector name="IncompleteZipDetector">
				<module>IncompleteZipDetector</module>
				<method>is_corrupted_zip</method>
				<supportedTypes>
					<type>1022</type>
				</supportedTypes>
				<detectedTypes>
					<type>1022</type>
					<type>9233</type>
				</detectedTypes>
			</detector>
			<detector name="SELDetector">
				<module>SELDetector</module>
				<method>detect_SEL</method>
				<supportedTypes>
					<type>0</type>
				</supportedTypes>
				<detectedTypes>
					<type>9890</type>
				</detectedTypes>
			</detector>
			<detector name="NIEMDetector">
				<module>NIEMDetector</module>
				<method>detect_NIEM</method>
				<supportedTypes>
					<type>291</type>
				</supportedTypes>
				<detectedTypes>
					<type>9610</type>
				</detectedTypes>
			</detector>
			<detector name="XCBFDetector">
				<module>XCBFDetector</module>
				<method>detect_XCBF</method>
				<supportedTypes>
					<type>291</type>
				</supportedTypes>
				<detectedTypes>
					<type>9611</type>
				</detectedTypes>
			</detector>
			<detector name="SignatureDetector">
				<module>SignatureDetector</module>
				<method>detect_Signed_PDF_Native</method>
				<supportedTypes>
					<type>230</type>
				</supportedTypes>
				<detectedTypes>
					<type>9771</type>
				</detectedTypes>
			</detector>
			<detector name="EncryptedOneNoteDetector">
				<module>EncryptedOneNoteDetector</module>
				<method>detect_EncryptedOneNote</method>
				<supportedTypes>
					<type>422</type>
				</supportedTypes>
				<detectedTypes>
					<type>9730</type>
				</detectedTypes>
			</detector>
		</detectors>
    </pythonSettings>
	<office2k7Settings>
		<!-- 360 = MS_Word_2007_FMT-->
		<contentType fileType="360" minSizeInBytes="1048576">
			<extractedContent type="2"  typeDescription="application/vnd.openxmlformats-officedocument.wordprocessingml.header" prefixText="&#xA;&lt;header&gt;&#xA;" suffixText="&#xA;&lt;header/&gt;&#xA;"/>
			<extractedContent type="2"  typeDescription="application/vnd.openxmlformats-officedocument.wordprocessingml.footer" prefixText="&#xA;&lt;footer&gt;&#xA;" suffixText="&#xA;&lt;footer/&gt;&#xA;"/>
			<extractedContent type="2"  typeDescription="application/vnd.openxmlformats-officedocument.wordprocessingml.document.main" />
			<!-- extractedContent type="0"  typeDescription="application/vnd.openxmlformats-officedocument.wordprocessingml.comments" /-->
			<!-- extractedContent type="0"  typeDescription="application/vnd.openxmlformats-officedocument.wordprocessingml.footnotes" /-->
			<!-- extractedContent type="0"  typeDescription="application/vnd.openxmlformats-officedocument.wordprocessingml.endnotes" /-->
		</contentType>
		<!-- 361 = MS_Excel_2007_FMT-->
		<contentType fileType="361" minSizeInBytes="1048576">
			<extractedContent type="1"  typeDescription="application/vnd.openxmlformats-officedocument.spreadsheetml.worksheet" />
		</contentType>
	</office2k7Settings>
	<!-- <encodingSettings>
		<icuConfidence>50</icuConfidence>
		<defaultCharsets>
				<defaultCharset>windows-1252</defaultCharset> -->
							<!-- 	defaultCharset Options:
							same as charset names supported by iconv library: http://www.gnu.org/software/libiconv/
							For example:
							windows-1250
							windows-1252
							--> <!--
		</defaultCharsets> 
	</encodingSettings> -->
	<binaryAsciiConfig>
		<asciiPercent>90</asciiPercent>
	</binaryAsciiConfig>
</contentExtractor>
