
<policyEngineConfig>

  <resourceResolverWorkingSet>
    <version>46006</version>
    <installeruid>{21a3244d-e236-4151-b4c3-c4c87f5f6b1b}</installeruid>
    <datatypes>
      <datatype id="46f25281-eab9-437e-bb2b-fbc6029e674d" type="IPAddress">
        <data>192.168.51.231</data>
      </datatype>
      <datatype id="46f25281-eab9-437e-bb2b-fbc6029e674d" type="Hostname">
        <data>mli-fsm.willad.com</data>
      </datatype>
      <datatype id="8d5c49da-fa84-4d86-9d4a-58f0696178a8" type="IPAddress">
        <data>192.168.51.143</data>
      </datatype>
      <datatype id="46f25281-eab9-437e-bb2b-fbc6029e674d" type="IPAddress">
        <data>192.168.51.231</data>
      </datatype>
      <datatype id="46f25281-eab9-437e-bb2b-fbc6029e674d" type="Hostname">
        <data>mli-fsm.willad.com</data>
      </datatype>
      <datatype id="904fb62c-ecdd-4886-92b8-301db7c6ceb7" type="Hostname">
        <data>mli-fsm</data>
        <data>mli-fsm.willad.com</data>
      </datatype>
      <datatype id="904fb62c-ecdd-4886-92b8-301db7c6ceb7" type="Hostname">
        <data>mli-fsm</data>
        <data>mli-fsm.willad.com</data>
      </datatype>
      <datatype id="1ed38b6d-ab42-4420-b102-df4f572f6436" type="Domain">
        <data>*.salesforce.com</data>
        <data>salesforce.com</data>
        <memberOf>d149e009-a35b-44c3-a74c-56c7b82dd7b1</memberOf>
      </datatype>
      <datatype id="1ed38b6d-ab42-4420-b102-df4f572f6436" type="Domain">
        <data>*.salesforce.com</data>
        <data>salesforce.com</data>
        <memberOf>d149e009-a35b-44c3-a74c-56c7b82dd7b1</memberOf>
      </datatype>
      <datatype id="2a208f31-7f53-4e01-8b17-24a7938d24f2" type="Domain">
        <data>*.eclipsys.com</data>
        <data>eclipsys.com</data>
        <memberOf>d149e009-a35b-44c3-a74c-56c7b82dd7b1</memberOf>
      </datatype>
      <datatype id="2a208f31-7f53-4e01-8b17-24a7938d24f2" type="Domain">
        <data>*.eclipsys.com</data>
        <data>eclipsys.com</data>
        <memberOf>d149e009-a35b-44c3-a74c-56c7b82dd7b1</memberOf>
      </datatype>
      <datatype id="3c911d3f-d4ba-451c-b048-54f50644a6b4" type="Domain">
        <data>*.aplicor.com</data>
        <data>aplicor.com</data>
        <memberOf>d149e009-a35b-44c3-a74c-56c7b82dd7b1</memberOf>
      </datatype>
      <datatype id="3c911d3f-d4ba-451c-b048-54f50644a6b4" type="Domain">
        <data>*.aplicor.com</data>
        <data>aplicor.com</data>
        <memberOf>d149e009-a35b-44c3-a74c-56c7b82dd7b1</memberOf>
      </datatype>
      <datatype id="45a961d5-b4dc-4328-a497-c2d64a3d688f" type="Domain">
        <data>*.igreat.com</data>
        <data>igreat.com</data>
        <memberOf>d149e009-a35b-44c3-a74c-56c7b82dd7b1</memberOf>
      </datatype>
      <datatype id="45a961d5-b4dc-4328-a497-c2d64a3d688f" type="Domain">
        <data>*.igreat.com</data>
        <data>igreat.com</data>
        <memberOf>d149e009-a35b-44c3-a74c-56c7b82dd7b1</memberOf>
      </datatype>
      <datatype id="5f1d204f-8d30-41b7-a3dc-e0123400a35d" type="Domain">
        <data>*.eclinicalworks.com</data>
        <data>eclinicalworks.com</data>
        <memberOf>d149e009-a35b-44c3-a74c-56c7b82dd7b1</memberOf>
      </datatype>
      <datatype id="5f1d204f-8d30-41b7-a3dc-e0123400a35d" type="Domain">
        <data>*.eclinicalworks.com</data>
        <data>eclinicalworks.com</data>
        <memberOf>d149e009-a35b-44c3-a74c-56c7b82dd7b1</memberOf>
      </datatype>
      <datatype id="6f4a6175-3acd-4082-9653-e59fe0acb58e" type="Domain">
        <data>*.allegiancemd.com</data>
        <data>allegiancemd.com</data>
        <memberOf>d149e009-a35b-44c3-a74c-56c7b82dd7b1</memberOf>
      </datatype>
      <datatype id="6f4a6175-3acd-4082-9653-e59fe0acb58e" type="Domain">
        <data>*.allegiancemd.com</data>
        <data>allegiancemd.com</data>
        <memberOf>d149e009-a35b-44c3-a74c-56c7b82dd7b1</memberOf>
      </datatype>
      <datatype id="818c4ebc-cc3d-4b79-95ab-a3bee6ef432b" type="Domain">
        <data>*.ingenix.com</data>
        <data>ingenix.com</data>
        <memberOf>d149e009-a35b-44c3-a74c-56c7b82dd7b1</memberOf>
      </datatype>
      <datatype id="818c4ebc-cc3d-4b79-95ab-a3bee6ef432b" type="Domain">
        <data>*.ingenix.com</data>
        <data>ingenix.com</data>
        <memberOf>d149e009-a35b-44c3-a74c-56c7b82dd7b1</memberOf>
      </datatype>
      <datatype id="8d287524-a0bc-4bf1-a134-ed3e059506c7" type="Domain">
        <data>*.crm.com</data>
        <data>crm.com</data>
        <memberOf>d149e009-a35b-44c3-a74c-56c7b82dd7b1</memberOf>
      </datatype>
      <datatype id="8d287524-a0bc-4bf1-a134-ed3e059506c7" type="Domain">
        <data>*.crm.com</data>
        <data>crm.com</data>
        <memberOf>d149e009-a35b-44c3-a74c-56c7b82dd7b1</memberOf>
      </datatype>
      <datatype id="9acbdcc5-29f0-4d4b-a37b-ac87da0fbaf5" type="Domain">
        <data>*.workday.com</data>
        <data>workday.com</data>
        <memberOf>d149e009-a35b-44c3-a74c-56c7b82dd7b1</memberOf>
      </datatype>
      <datatype id="9acbdcc5-29f0-4d4b-a37b-ac87da0fbaf5" type="Domain">
        <data>*.workday.com</data>
        <data>workday.com</data>
        <memberOf>d149e009-a35b-44c3-a74c-56c7b82dd7b1</memberOf>
      </datatype>
      <datatype id="b5f3885b-247f-41de-8755-e4f311c9e538" type="Domain">
        <data>*.hostanalytics.com</data>
        <data>hostanalytics.com</data>
        <memberOf>d149e009-a35b-44c3-a74c-56c7b82dd7b1</memberOf>
      </datatype>
      <datatype id="b5f3885b-247f-41de-8755-e4f311c9e538" type="Domain">
        <data>*.hostanalytics.com</data>
        <data>hostanalytics.com</data>
        <memberOf>d149e009-a35b-44c3-a74c-56c7b82dd7b1</memberOf>
      </datatype>
      <datatype id="bcc8abf8-8f73-42ce-b8d5-78366ffedce9" type="Domain">
        <data>*.force.com</data>
        <data>force.com</data>
      </datatype>
      <datatype id="bcc8abf8-8f73-42ce-b8d5-78366ffedce9" type="Domain">
        <data>*.force.com</data>
        <data>force.com</data>
      </datatype>
      <datatype id="c963d825-adcf-4241-98ff-ad0c958e44f1" type="Domain">
        <data>*.rightnow.com</data>
        <data>rightnow.com</data>
        <memberOf>d149e009-a35b-44c3-a74c-56c7b82dd7b1</memberOf>
      </datatype>
      <datatype id="c963d825-adcf-4241-98ff-ad0c958e44f1" type="Domain">
        <data>*.rightnow.com</data>
        <data>rightnow.com</data>
        <memberOf>d149e009-a35b-44c3-a74c-56c7b82dd7b1</memberOf>
      </datatype>
      <datatype id="ddd2e3e7-f6f3-415b-8b9f-6db3e73e05ae" type="Domain">
        <data>*.netsuite.com</data>
        <data>netsuite.com</data>
        <memberOf>d149e009-a35b-44c3-a74c-56c7b82dd7b1</memberOf>
      </datatype>
      <datatype id="ddd2e3e7-f6f3-415b-8b9f-6db3e73e05ae" type="Domain">
        <data>*.netsuite.com</data>
        <data>netsuite.com</data>
        <memberOf>d149e009-a35b-44c3-a74c-56c7b82dd7b1</memberOf>
      </datatype>
      <datatype id="f0b89527-8ace-47f2-88f0-d58bebf2a832" type="Domain">
        <data>*.sequelmed.com</data>
        <data>sequelmed.com</data>
        <memberOf>d149e009-a35b-44c3-a74c-56c7b82dd7b1</memberOf>
      </datatype>
      <datatype id="f0b89527-8ace-47f2-88f0-d58bebf2a832" type="Domain">
        <data>*.sequelmed.com</data>
        <data>sequelmed.com</data>
        <memberOf>d149e009-a35b-44c3-a74c-56c7b82dd7b1</memberOf>
      </datatype>
      <datatype id="f3a7f9b2-bd5f-47cd-8029-87231fa7c207" type="Domain">
        <data>*.crmondemand.com</data>
        <data>crmondemand.com</data>
        <memberOf>d149e009-a35b-44c3-a74c-56c7b82dd7b1</memberOf>
      </datatype>
      <datatype id="f3a7f9b2-bd5f-47cd-8029-87231fa7c207" type="Domain">
        <data>*.crmondemand.com</data>
        <data>crmondemand.com</data>
        <memberOf>d149e009-a35b-44c3-a74c-56c7b82dd7b1</memberOf>
      </datatype>
      <datatype id="fbe31a7f-0ee5-4c9e-bd2e-1d9419df1c34" type="Domain">
        <data>*.intacct.com</data>
        <data>intacct.com</data>
        <memberOf>d149e009-a35b-44c3-a74c-56c7b82dd7b1</memberOf>
      </datatype>
      <datatype id="fbe31a7f-0ee5-4c9e-bd2e-1d9419df1c34" type="Domain">
        <data>*.intacct.com</data>
        <data>intacct.com</data>
        <memberOf>d149e009-a35b-44c3-a74c-56c7b82dd7b1</memberOf>
      </datatype>
      <datatype id="be513c3d-58f5-424e-a193-127ed0f4bef0" type="Domain">
        <data>*.com</data>
        <data>com</data>
      </datatype>
      <datatype id="be513c3d-58f5-424e-a193-127ed0f4bef0" type="Domain">
        <data>*.com</data>
        <data>com</data>
      </datatype>
      <datatype id="bc66f727-2d7b-48f7-8722-c99519bf24de" type="Domain">
        <data>outlook.office365.com</data>
        <memberOf>d149e009-a35b-44c3-a74c-56c7b82dd7b1</memberOf>
      </datatype>
      <datatype id="100" type="ApplicationID">
        <data>100</data>
        <memberOf>1</memberOf>
      </datatype>
      <datatype id="101" type="ApplicationID">
        <data>101</data>
        <memberOf>1</memberOf>
      </datatype>
      <datatype id="102" type="ApplicationID">
        <data>102</data>
        <memberOf>1</memberOf>
      </datatype>
      <datatype id="103" type="ApplicationID">
        <data>103</data>
        <memberOf>1</memberOf>
      </datatype>
      <datatype id="104" type="ApplicationID">
        <data>104</data>
        <memberOf>1</memberOf>
      </datatype>
      <datatype id="105" type="ApplicationID">
        <data>105</data>
        <memberOf>2</memberOf>
      </datatype>
      <datatype id="107" type="ApplicationID">
        <data>107</data>
        <memberOf>2</memberOf>
      </datatype>
      <datatype id="108" type="ApplicationID">
        <data>108</data>
        <memberOf>2</memberOf>
      </datatype>
      <datatype id="109" type="ApplicationID">
        <data>109</data>
        <memberOf>2</memberOf>
      </datatype>
      <datatype id="110" type="ApplicationID">
        <data>110</data>
        <memberOf>2</memberOf>
      </datatype>
      <datatype id="111" type="ApplicationID">
        <data>111</data>
        <memberOf>3</memberOf>
      </datatype>
      <datatype id="112" type="ApplicationID">
        <data>112</data>
        <memberOf>3</memberOf>
      </datatype>
      <datatype id="113" type="ApplicationID">
        <data>113</data>
        <memberOf>3</memberOf>
      </datatype>
      <datatype id="114" type="ApplicationID">
        <data>114</data>
        <memberOf>3</memberOf>
      </datatype>
      <datatype id="115" type="ApplicationID">
        <data>115</data>
        <memberOf>3</memberOf>
      </datatype>
      <datatype id="116" type="ApplicationID">
        <data>116</data>
        <memberOf>3</memberOf>
      </datatype>
      <datatype id="117" type="ApplicationID">
        <data>117</data>
        <memberOf>3</memberOf>
      </datatype>
      <datatype id="118" type="ApplicationID">
        <data>118</data>
        <memberOf>3</memberOf>
      </datatype>
      <datatype id="119" type="ApplicationID">
        <data>119</data>
        <memberOf>4</memberOf>
      </datatype>
      <datatype id="120" type="ApplicationID">
        <data>120</data>
        <memberOf>4</memberOf>
      </datatype>
      <datatype id="121" type="ApplicationID">
        <data>121</data>
        <memberOf>4</memberOf>
      </datatype>
      <datatype id="122" type="ApplicationID">
        <data>122</data>
        <memberOf>4</memberOf>
      </datatype>
      <datatype id="123" type="ApplicationID">
        <data>123</data>
        <memberOf>4</memberOf>
      </datatype>
      <datatype id="124" type="ApplicationID">
        <data>124</data>
        <memberOf>4</memberOf>
      </datatype>
      <datatype id="125" type="ApplicationID">
        <data>125</data>
        <memberOf>4</memberOf>
      </datatype>
      <datatype id="126" type="ApplicationID">
        <data>126</data>
        <memberOf>4</memberOf>
      </datatype>
      <datatype id="127" type="ApplicationID">
        <data>127</data>
        <memberOf>4</memberOf>
      </datatype>
      <datatype id="129" type="ApplicationID">
        <data>129</data>
        <memberOf>4</memberOf>
      </datatype>
      <datatype id="130" type="ApplicationID">
        <data>130</data>
        <memberOf>4</memberOf>
      </datatype>
      <datatype id="131" type="ApplicationID">
        <data>131</data>
        <memberOf>4</memberOf>
      </datatype>
      <datatype id="132" type="ApplicationID">
        <data>132</data>
        <memberOf>4</memberOf>
      </datatype>
      <datatype id="133" type="ApplicationID">
        <data>133</data>
        <memberOf>5</memberOf>
      </datatype>
      <datatype id="136" type="ApplicationID">
        <data>136</data>
        <memberOf>5</memberOf>
      </datatype>
      <datatype id="137" type="ApplicationID">
        <data>137</data>
        <memberOf>5</memberOf>
      </datatype>
      <datatype id="139" type="ApplicationID">
        <data>139</data>
        <memberOf>5</memberOf>
      </datatype>
      <datatype id="143" type="ApplicationID">
        <data>143</data>
        <memberOf>5</memberOf>
      </datatype>
      <datatype id="146" type="ApplicationID">
        <data>146</data>
        <memberOf>5</memberOf>
      </datatype>
      <datatype id="160" type="ApplicationID">
        <data>160</data>
        <memberOf>6</memberOf>
      </datatype>
      <datatype id="161" type="ApplicationID">
        <data>161</data>
        <memberOf>6</memberOf>
      </datatype>
      <datatype id="162" type="ApplicationID">
        <data>162</data>
        <memberOf>6</memberOf>
      </datatype>
      <datatype id="163" type="ApplicationID">
        <data>163</data>
        <memberOf>6</memberOf>
      </datatype>
      <datatype id="164" type="ApplicationID">
        <data>164</data>
        <memberOf>6</memberOf>
      </datatype>
      <datatype id="165" type="ApplicationID">
        <data>165</data>
        <memberOf>6</memberOf>
      </datatype>
      <datatype id="166" type="ApplicationID">
        <data>166</data>
        <memberOf>6</memberOf>
      </datatype>
      <datatype id="167" type="ApplicationID">
        <data>167</data>
        <memberOf>6</memberOf>
      </datatype>
      <datatype id="180" type="ApplicationID">
        <data>180</data>
        <memberOf>10</memberOf>
      </datatype>
      <datatype id="181" type="ApplicationID">
        <data>181</data>
        <memberOf>10</memberOf>
      </datatype>
      <datatype id="182" type="ApplicationID">
        <data>182</data>
        <memberOf>10</memberOf>
      </datatype>
      <datatype id="183" type="ApplicationID">
        <data>183</data>
        <memberOf>10</memberOf>
      </datatype>
      <datatype id="184" type="ApplicationID">
        <data>184</data>
        <memberOf>1</memberOf>
        <memberOf>10</memberOf>
      </datatype>
      <datatype id="200" type="ApplicationID">
        <data>200</data>
        <memberOf>11</memberOf>
      </datatype>
      <datatype id="201" type="ApplicationID">
        <data>201</data>
        <memberOf>11</memberOf>
      </datatype>
      <datatype id="202" type="ApplicationID">
        <data>202</data>
        <memberOf>11</memberOf>
      </datatype>
      <datatype id="203" type="ApplicationID">
        <data>203</data>
        <memberOf>11</memberOf>
      </datatype>
      <datatype id="204" type="ApplicationID">
        <data>204</data>
        <memberOf>11</memberOf>
      </datatype>
      <datatype id="205" type="ApplicationID">
        <data>205</data>
        <memberOf>11</memberOf>
      </datatype>
      <datatype id="206" type="ApplicationID">
        <data>206</data>
        <memberOf>11</memberOf>
      </datatype>
      <datatype id="207" type="ApplicationID">
        <data>207</data>
        <memberOf>11</memberOf>
      </datatype>
      <datatype id="208" type="ApplicationID">
        <data>208</data>
        <memberOf>11</memberOf>
      </datatype>
      <datatype id="209" type="ApplicationID">
        <data>209</data>
        <memberOf>11</memberOf>
      </datatype>
      <datatype id="210" type="ApplicationID">
        <data>210</data>
        <memberOf>11</memberOf>
      </datatype>
      <datatype id="211" type="ApplicationID">
        <data>211</data>
        <memberOf>11</memberOf>
      </datatype>
      <datatype id="212" type="ApplicationID">
        <data>212</data>
        <memberOf>11</memberOf>
      </datatype>
      <datatype id="213" type="ApplicationID">
        <data>213</data>
        <memberOf>11</memberOf>
      </datatype>
      <datatype id="214" type="ApplicationID">
        <data>214</data>
        <memberOf>11</memberOf>
      </datatype>
      <datatype id="215" type="ApplicationID">
        <data>215</data>
        <memberOf>11</memberOf>
      </datatype>
      <datatype id="216" type="ApplicationID">
        <data>216</data>
        <memberOf>11</memberOf>
      </datatype>
      <datatype id="217" type="ApplicationID">
        <data>217</data>
        <memberOf>11</memberOf>
      </datatype>
      <datatype id="230" type="ApplicationID">
        <data>230</data>
        <memberOf>8</memberOf>
      </datatype>
      <datatype id="231" type="ApplicationID">
        <data>231</data>
        <memberOf>8</memberOf>
      </datatype>
      <datatype id="232" type="ApplicationID">
        <data>232</data>
        <memberOf>8</memberOf>
      </datatype>
      <datatype id="233" type="ApplicationID">
        <data>233</data>
        <memberOf>8</memberOf>
      </datatype>
      <datatype id="240" type="ApplicationID">
        <data>240</data>
        <memberOf>9</memberOf>
      </datatype>
      <datatype id="241" type="ApplicationID">
        <data>241</data>
        <memberOf>9</memberOf>
      </datatype>
      <datatype id="242" type="ApplicationID">
        <data>242</data>
        <memberOf>9</memberOf>
      </datatype>
      <datatype id="300" type="ApplicationID">
        <data>300</data>
        <memberOf>3</memberOf>
      </datatype>
      <datatype id="301" type="ApplicationID">
        <data>301</data>
        <memberOf>3</memberOf>
      </datatype>
      <datatype id="310" type="ApplicationID">
        <data>310</data>
        <memberOf>11</memberOf>
      </datatype>
      <datatype id="312" type="ApplicationID">
        <data>312</data>
        <memberOf>5</memberOf>
      </datatype>
      <datatype id="313" type="ApplicationID">
        <data>313</data>
        <memberOf>1</memberOf>
      </datatype>
      <datatype id="314" type="ApplicationID">
        <data>314</data>
        <memberOf>1</memberOf>
      </datatype>
      <datatype id="315" type="ApplicationID">
        <data>315</data>
        <memberOf>4</memberOf>
      </datatype>
      <datatype id="350" type="ApplicationID">
        <data>350</data>
        <memberOf>12</memberOf>
      </datatype>
      <datatype id="351" type="ApplicationID">
        <data>351</data>
        <memberOf>12</memberOf>
      </datatype>
      <datatype id="352" type="ApplicationID">
        <data>352</data>
        <memberOf>12</memberOf>
      </datatype>
      <datatype id="353" type="ApplicationID">
        <data>353</data>
        <memberOf>12</memberOf>
      </datatype>
      <datatype id="354" type="ApplicationID">
        <data>354</data>
        <memberOf>12</memberOf>
      </datatype>
      <datatype id="355" type="ApplicationID">
        <data>355</data>
        <memberOf>11</memberOf>
      </datatype>
      <datatype id="356" type="ApplicationID">
        <data>356</data>
        <memberOf>11</memberOf>
      </datatype>
      <datatype id="357" type="ApplicationID">
        <data>357</data>
        <memberOf>6</memberOf>
      </datatype>
      <datatype id="358" type="ApplicationID">
        <data>358</data>
        <memberOf>5</memberOf>
      </datatype>
      <datatype id="359" type="ApplicationID">
        <data>359</data>
        <memberOf>2</memberOf>
      </datatype>
      <datatype id="360" type="ApplicationID">
        <data>360</data>
        <memberOf>11</memberOf>
      </datatype>
      <datatype id="361" type="ApplicationID">
        <data>361</data>
        <memberOf>11</memberOf>
        <memberOf>13</memberOf>
      </datatype>
      <datatype id="362" type="ApplicationID">
        <data>362</data>
        <memberOf>11</memberOf>
      </datatype>
      <datatype id="363" type="ApplicationID">
        <data>363</data>
        <memberOf>11</memberOf>
      </datatype>
      <datatype id="364" type="ApplicationID">
        <data>364</data>
        <memberOf>5</memberOf>
      </datatype>
      <datatype id="365" type="ApplicationID">
        <data>365</data>
        <memberOf>5</memberOf>
      </datatype>
      <datatype id="366" type="ApplicationID">
        <data>366</data>
        <memberOf>11</memberOf>
      </datatype>
      <datatype id="367" type="ApplicationID">
        <data>367</data>
        <memberOf>5</memberOf>
      </datatype>
      <datatype id="368" type="ApplicationID">
        <data>368</data>
        <memberOf>5</memberOf>
      </datatype>
      <datatype id="369" type="ApplicationID">
        <data>369</data>
        <memberOf>6</memberOf>
      </datatype>
      <datatype id="370" type="ApplicationID">
        <data>370</data>
        <memberOf>6</memberOf>
      </datatype>
      <datatype id="371" type="ApplicationID">
        <data>371</data>
        <memberOf>11</memberOf>
      </datatype>
      <datatype id="372" type="ApplicationID">
        <data>372</data>
        <memberOf>11</memberOf>
      </datatype>
      <datatype id="373" type="ApplicationID">
        <data>373</data>
        <memberOf>11</memberOf>
      </datatype>
      <datatype id="374" type="ApplicationID">
        <data>374</data>
        <memberOf>5</memberOf>
      </datatype>
      <datatype id="375" type="ApplicationID">
        <data>375</data>
        <memberOf>5</memberOf>
      </datatype>
      <datatype id="377" type="ApplicationID">
        <data>377</data>
        <memberOf>5</memberOf>
      </datatype>
      <datatype id="378" type="ApplicationID">
        <data>378</data>
        <memberOf>5</memberOf>
      </datatype>
      <datatype id="380" type="ApplicationID">
        <data>380</data>
        <memberOf>5</memberOf>
      </datatype>
      <datatype id="381" type="ApplicationID">
        <data>381</data>
        <memberOf>12</memberOf>
      </datatype>
      <datatype id="382" type="ApplicationID">
        <data>382</data>
        <memberOf>12</memberOf>
      </datatype>
      <datatype id="383" type="ApplicationID">
        <data>383</data>
        <memberOf>12</memberOf>
      </datatype>
      <datatype id="384" type="ApplicationID">
        <data>384</data>
        <memberOf>12</memberOf>
      </datatype>
      <datatype id="385" type="ApplicationID">
        <data>385</data>
        <memberOf>12</memberOf>
      </datatype>
      <datatype id="386" type="ApplicationID">
        <data>386</data>
        <memberOf>5</memberOf>
      </datatype>
      <datatype id="400" type="ApplicationID">
        <data>400</data>
      </datatype>
      <datatype id="401" type="ApplicationID">
        <data>401</data>
      </datatype>
      <datatype id="402" type="ApplicationID">
        <data>402</data>
      </datatype>
      <datatype id="403" type="ApplicationID">
        <data>403</data>
      </datatype>
      <datatype id="404" type="ApplicationID">
        <data>404</data>
      </datatype>
      <datatype id="405" type="ApplicationID">
        <data>405</data>
      </datatype>
      <datatype id="407" type="ApplicationID">
        <data>407</data>
        <memberOf>6</memberOf>
      </datatype>
      <datatype id="408" type="ApplicationID">
        <data>408</data>
        <memberOf>12</memberOf>
      </datatype>
      <datatype id="409" type="ApplicationID">
        <data>409</data>
        <memberOf>2</memberOf>
      </datatype>
      <datatype id="410" type="ApplicationID">
        <data>410</data>
        <memberOf>2</memberOf>
      </datatype>
      <datatype id="1000" type="ApplicationID">
        <data>1000</data>
        <memberOf>51</memberOf>
      </datatype>
      <datatype id="1001" type="ApplicationID">
        <data>1001</data>
        <memberOf>51</memberOf>
      </datatype>
      <datatype id="1002" type="ApplicationID">
        <data>1002</data>
        <memberOf>51</memberOf>
      </datatype>
      <datatype id="1003" type="ApplicationID">
        <data>1003</data>
        <memberOf>51</memberOf>
      </datatype>
      <datatype id="1004" type="ApplicationID">
        <data>1004</data>
        <memberOf>51</memberOf>
      </datatype>
      <datatype id="1005" type="ApplicationID">
        <data>1005</data>
        <memberOf>51</memberOf>
      </datatype>
      <datatype id="1006" type="ApplicationID">
        <data>1006</data>
        <memberOf>51</memberOf>
      </datatype>
      <datatype id="1007" type="ApplicationID">
        <data>1007</data>
        <memberOf>51</memberOf>
      </datatype>
      <datatype id="1008" type="ApplicationID">
        <data>1008</data>
        <memberOf>51</memberOf>
      </datatype>
      <datatype id="1009" type="ApplicationID">
        <data>1009</data>
        <memberOf>52</memberOf>
      </datatype>
      <datatype id="1010" type="ApplicationID">
        <data>1010</data>
        <memberOf>52</memberOf>
      </datatype>
      <datatype id="1011" type="ApplicationID">
        <data>1011</data>
        <memberOf>52</memberOf>
      </datatype>
      <datatype id="1012" type="ApplicationID">
        <data>1012</data>
        <memberOf>52</memberOf>
      </datatype>
      <datatype id="1013" type="ApplicationID">
        <data>1013</data>
        <memberOf>52</memberOf>
      </datatype>
      <datatype id="1014" type="ApplicationID">
        <data>1014</data>
        <memberOf>52</memberOf>
      </datatype>
      <datatype id="376" type="ApplicationID">
        <data>376</data>
        <memberOf>5</memberOf>
      </datatype>
      <datatype id="411" type="ApplicationID">
        <data>411</data>
        <memberOf>5</memberOf>
      </datatype>
      <datatype id="412" type="ApplicationID">
        <data>412</data>
        <memberOf>5</memberOf>
      </datatype>
      <datatype id="413" type="ApplicationID">
        <data>413</data>
        <memberOf>5</memberOf>
      </datatype>
      <datatype id="414" type="ApplicationID">
        <data>414</data>
        <memberOf>5</memberOf>
      </datatype>
      <datatype id="415" type="ApplicationID">
        <data>415</data>
        <memberOf>5</memberOf>
      </datatype>
      <datatype id="416" type="ApplicationID">
        <data>416</data>
        <memberOf>5</memberOf>
      </datatype>
      <datatype id="417" type="ApplicationID">
        <data>417</data>
        <memberOf>13</memberOf>
      </datatype>
      <datatype id="418" type="ApplicationID">
        <data>418</data>
        <memberOf>13</memberOf>
      </datatype>
      <datatype id="419" type="ApplicationID">
        <data>419</data>
        <memberOf>13</memberOf>
      </datatype>
      <datatype id="420" type="ApplicationID">
        <data>420</data>
        <memberOf>13</memberOf>
      </datatype>
      <datatype id="421" type="ApplicationID">
        <data>421</data>
        <memberOf>13</memberOf>
      </datatype>
      <datatype id="422" type="ApplicationID">
        <data>422</data>
        <memberOf>13</memberOf>
      </datatype>
      <datatype id="423" type="ApplicationID">
        <data>423</data>
        <memberOf>13</memberOf>
      </datatype>
      <datatype id="424" type="ApplicationID">
        <data>424</data>
        <memberOf>13</memberOf>
      </datatype>
      <datatype id="425" type="ApplicationID">
        <data>425</data>
        <memberOf>13</memberOf>
      </datatype>
      <datatype id="cf9b728a-0fda-442b-a6d9-40cea34f6494" type="IPRange">
        <data>192.168.51.83;192.168.51.88</data>
      </datatype>
      <datatype id="002FD0AE-DFEB-4204-90FA-EDA567F0A0D6" type="GeoLocation">
        <data>um</data>
      </datatype>
      <datatype id="00BEE540-AC57-4233-9C56-6E6EC1ECB15E" type="GeoLocation">
        <data>rw</data>
      </datatype>
      <datatype id="057B2162-778D-44EF-898F-C7071D1442C1" type="GeoLocation">
        <data>tw</data>
      </datatype>
      <datatype id="0812C848-4125-4174-8EFB-6FB18083177E" type="GeoLocation">
        <data>cn</data>
      </datatype>
      <datatype id="091A9EA0-A97F-49BF-BD13-BE05C838246B" type="GeoLocation">
        <data>so</data>
      </datatype>
      <datatype id="0A7F424D-8C43-43C4-9C91-EA2DC7317154" type="GeoLocation">
        <data>kz</data>
      </datatype>
      <datatype id="0C02B3D2-9615-4309-B151-2DAD55C0A01F" type="GeoLocation">
        <data>tl</data>
      </datatype>
      <datatype id="0C05AE14-499A-453C-A3B7-EA4BCB4502A1" type="GeoLocation">
        <data>ru</data>
      </datatype>
      <datatype id="0D8B029E-49D2-46E9-AF37-6BE961A7D1CC" type="GeoLocation">
        <data>dj</data>
      </datatype>
      <datatype id="0DD2A751-9B77-43FC-A93A-F5B689A65012" type="GeoLocation">
        <data>sy</data>
      </datatype>
      <datatype id="0DDE6541-715D-4B0E-B253-8A2C84B41E2D" type="GeoLocation">
        <data>va</data>
      </datatype>
      <datatype id="0ED4091C-D834-41CA-849F-A1A0EBCCDEC9" type="GeoLocation">
        <data>jm</data>
      </datatype>
      <datatype id="0F98E475-3CE9-4987-BD14-861BBDB60F0B" type="GeoLocation">
        <data>bs</data>
      </datatype>
      <datatype id="1424B43D-B5E7-4AEE-91F3-81D6AB3E315C" type="GeoLocation">
        <data>ht</data>
      </datatype>
      <datatype id="14B941F0-C96F-4CFB-A268-AC12D85E4F71" type="GeoLocation">
        <data>km</data>
      </datatype>
      <datatype id="14BD7939-82B6-4BFF-BF1B-2091FB046C38" type="GeoLocation">
        <data>cy</data>
      </datatype>
      <datatype id="1529C0BC-4298-44B0-8A50-B0675CEDEDDF" type="GeoLocation">
        <data>id</data>
      </datatype>
      <datatype id="172B9D57-5B8C-4EC7-B189-C6A2E78324A9" type="GeoLocation">
        <data>jo</data>
      </datatype>
      <datatype id="18EF2B0C-2AC0-4E14-A242-151E2CF47108" type="GeoLocation">
        <data>br</data>
      </datatype>
      <datatype id="18F52E1D-CCAA-431F-BF25-DF2B1C496632" type="GeoLocation">
        <data>mr</data>
      </datatype>
      <datatype id="19CBA887-353E-498D-B314-4C507B649584" type="GeoLocation">
        <data>fr</data>
      </datatype>
      <datatype id="1A06AC3F-ADD9-475D-A139-70DE9E3B1C63" type="GeoLocation">
        <data>gp</data>
      </datatype>
      <datatype id="1A85F469-CA1A-4419-8DF8-F46CDBC51521" type="GeoLocation">
        <data>mz</data>
      </datatype>
      <datatype id="1AA61A21-B17C-4A2C-BEB7-18B27F320B18" type="GeoLocation">
        <data>tj</data>
      </datatype>
      <datatype id="1BCDFDD0-9F9E-4B32-A4E5-A05C5A63C31B" type="GeoLocation">
        <data>zw</data>
      </datatype>
      <datatype id="1BFAC88C-0DF7-49DE-8763-87E153F1F938" type="GeoLocation">
        <data>hk</data>
      </datatype>
      <datatype id="1CAC7D7E-5BFE-492A-9058-D8F96132AD09" type="GeoLocation">
        <data>nl</data>
      </datatype>
      <datatype id="1D076D06-9AF0-45EA-84CC-245F98BA3DB9" type="GeoLocation">
        <data>as</data>
      </datatype>
      <datatype id="1E17471A-BCE6-4C5C-9372-805DD39F52B8" type="GeoLocation">
        <data>ua</data>
      </datatype>
      <datatype id="1FBD37FC-D756-4323-9787-6762086AC95B" type="GeoLocation">
        <data>ki</data>
      </datatype>
      <datatype id="1FFB4DC1-7A35-42EB-A23A-5EB9061BA6FF" type="GeoLocation">
        <data>lb</data>
      </datatype>
      <datatype id="20EF9E32-DEE8-4DE7-B9F4-36AF5A27FB2E" type="GeoLocation">
        <data>bb</data>
      </datatype>
      <datatype id="2239E97B-5B66-43A2-9731-247903179CDE" type="GeoLocation">
        <data>cg</data>
      </datatype>
      <datatype id="2299349A-3423-4CBE-955D-2A5250BA3282" type="GeoLocation">
        <data>vu</data>
      </datatype>
      <datatype id="23CC3297-1390-4593-BC86-1D41F22DDF95" type="GeoLocation">
        <data>fk</data>
      </datatype>
      <datatype id="2401BCD9-1523-43E1-AFDE-6DE74C608D20" type="GeoLocation">
        <data>mp</data>
      </datatype>
      <datatype id="242787A2-83E8-4A1B-B34D-5E6BE7CC3E1D" type="GeoLocation">
        <data>es</data>
      </datatype>
      <datatype id="242BA265-2BB0-4C58-87D7-92EA2E45B637" type="GeoLocation">
        <data>sk</data>
      </datatype>
      <datatype id="248CBD3D-CA25-4D6C-81F1-2481FBC90E83" type="GeoLocation">
        <data>tm</data>
      </datatype>
      <datatype id="25009671-8DF2-4C9E-A892-6418CFA28B9F" type="GeoLocation">
        <data>cc</data>
      </datatype>
      <datatype id="2548AA5C-5C9C-48C2-AC36-0C94462AF7B5" type="GeoLocation">
        <data>ms</data>
      </datatype>
      <datatype id="2641FFD4-4645-4BA3-BC59-0516692AF31F" type="GeoLocation">
        <data>vi</data>
      </datatype>
      <datatype id="267DC328-667E-4851-9704-4C9008E3640D" type="GeoLocation">
        <data>pk</data>
      </datatype>
      <datatype id="2725A155-2A70-4EBF-A909-E447B7376D1C" type="GeoLocation">
        <data>uy</data>
      </datatype>
      <datatype id="27486828-39BD-4E4F-8993-E4647B87CE61" type="GeoLocation">
        <data>mn</data>
      </datatype>
      <datatype id="2A128EC5-D5E9-4861-8243-3B31A898FBF8" type="GeoLocation">
        <data>ci</data>
      </datatype>
      <datatype id="2A6C83EA-D9E4-4590-A2F7-6BBF1AFD44E0" type="GeoLocation">
        <data>tk</data>
      </datatype>
      <datatype id="2A803C3B-DC44-4691-928A-196798F02AA2" type="GeoLocation">
        <data>cm</data>
      </datatype>
      <datatype id="2B773B81-D1CF-4A5E-B0C0-0A5B5CC195A1" type="GeoLocation">
        <data>tt</data>
      </datatype>
      <datatype id="2BF537AC-B387-4174-A156-F5135446AA53" type="GeoLocation">
        <data>sr</data>
      </datatype>
      <datatype id="2D4618F9-CCB8-4CCF-91DE-FAC168FE25E7" type="GeoLocation">
        <data>hm</data>
      </datatype>
      <datatype id="2DDB9070-7CE6-4CAC-AE09-364C55ACFD42" type="GeoLocation">
        <data>mx</data>
      </datatype>
      <datatype id="2E1F8EE5-564B-4D17-B7A9-CA4B6D232E37" type="GeoLocation">
        <data>fo</data>
      </datatype>
      <datatype id="2E2DECB0-60F3-4A28-A5F8-3BB8A34917F6" type="GeoLocation">
        <data>sh</data>
      </datatype>
      <datatype id="2F260839-9B76-460E-959F-003AA707FE4F" type="GeoLocation">
        <data>ad</data>
      </datatype>
      <datatype id="2F8A80B2-B5A9-493A-A695-173D1DC73DBB" type="GeoLocation">
        <data>ba</data>
      </datatype>
      <datatype id="2FCD21ED-1319-4794-B5D1-29802B89D4A0" type="GeoLocation">
        <data>pl</data>
      </datatype>
      <datatype id="30D5A40F-F9FC-44BA-BEE0-E80B8BD39AFD" type="GeoLocation">
        <data>kn</data>
      </datatype>
      <datatype id="3145005B-1F62-45C6-A37A-A42168EF2B0C" type="GeoLocation">
        <data>gl</data>
      </datatype>
      <datatype id="316AEDF8-1991-45AD-A42C-E58B7D5246E8" type="GeoLocation">
        <data>gm</data>
      </datatype>
      <datatype id="31984650-246D-4828-8FF4-3F6E6F9D9A51" type="GeoLocation">
        <data>kw</data>
      </datatype>
      <datatype id="321B2D1F-B943-41B9-BE67-99041E9D459C" type="GeoLocation">
        <data>mv</data>
      </datatype>
      <datatype id="3371BE0A-59AD-421B-BBB3-CC33C86791E5" type="GeoLocation">
        <data>gw</data>
      </datatype>
      <datatype id="36311491-C154-40F8-B61C-BCEA420A3569" type="GeoLocation">
        <data>pt</data>
      </datatype>
      <datatype id="3B5C8AA0-455A-4C9C-A01B-5AEE470AB44F" type="GeoLocation">
        <data>bt</data>
      </datatype>
      <datatype id="3BC52708-1CBC-4659-B643-C668A264BD29" type="GeoLocation">
        <data>sm</data>
      </datatype>
      <datatype id="3EF1A24D-59BE-4AF1-A3A2-D99B41568F28" type="GeoLocation">
        <data>ye</data>
      </datatype>
      <datatype id="424441E0-D116-4BDF-A60A-A52ADAB23F0F" type="GeoLocation">
        <data>cf</data>
      </datatype>
      <datatype id="436C7834-1BE5-4B15-9219-8339A723383F" type="GeoLocation">
        <data>ng</data>
      </datatype>
      <datatype id="45A93D28-0A35-431B-B88A-07E118C71DA3" type="GeoLocation">
        <data>py</data>
      </datatype>
      <datatype id="45F4E854-7964-4795-8647-728D817813E9" type="GeoLocation">
        <data>mc</data>
      </datatype>
      <datatype id="4619B177-99D0-433B-A3F4-0BF9230EB89F" type="GeoLocation">
        <data>si</data>
      </datatype>
      <datatype id="481FD1C6-CBD2-4990-98AF-9A7459A79DEE" type="GeoLocation">
        <data>to</data>
      </datatype>
      <datatype id="49300084-148F-46D1-BA09-8C0EBA568DAA" type="GeoLocation">
        <data>jp</data>
      </datatype>
      <datatype id="4CF3B237-2322-4D99-9868-56A640971DB4" type="GeoLocation">
        <data>lv</data>
      </datatype>
      <datatype id="4DCB0550-F027-4D9B-B76B-4347D697CDF4" type="GeoLocation">
        <data>ch</data>
      </datatype>
      <datatype id="51341EBB-73A1-4598-A00B-808A4ECC298A" type="GeoLocation">
        <data>fm</data>
      </datatype>
      <datatype id="52139342-7C9B-4B03-94D3-7000802FE67B" type="GeoLocation">
        <data>be</data>
      </datatype>
      <datatype id="52F8AA40-600B-482C-9596-2EED2E69787A" type="GeoLocation">
        <data>bh</data>
      </datatype>
      <datatype id="5313E810-AAEE-4E9C-A01B-E17CB005DF3C" type="GeoLocation">
        <data>gf</data>
      </datatype>
      <datatype id="55D806C0-CEA5-49EB-A3B2-7ABEB100BF0A" type="GeoLocation">
        <data>cl</data>
      </datatype>
      <datatype id="561B3B16-F26E-4B66-9C79-7FEF88B34EC5" type="GeoLocation">
        <data>bf</data>
      </datatype>
      <datatype id="563833B0-8781-41C8-ACE3-6D65B345CE67" type="GeoLocation">
        <data>pw</data>
      </datatype>
      <datatype id="5754F3E8-59F3-4A38-842A-0FA8830568B9" type="GeoLocation">
        <data>dz</data>
      </datatype>
      <datatype id="58E9A120-5137-4694-A1D3-4D261E5C9779" type="GeoLocation">
        <data>bw</data>
      </datatype>
      <datatype id="59F543A6-5948-46D9-B641-206228CBC49A" type="GeoLocation">
        <data>lk</data>
      </datatype>
      <datatype id="5F32BB7C-16F6-4683-8ED0-88237F0E1CF0" type="GeoLocation">
        <data>cz</data>
      </datatype>
      <datatype id="5F4D6A84-DB12-4C44-A183-52F3C85B8B08" type="GeoLocation">
        <data>nz</data>
      </datatype>
      <datatype id="5FA4F194-41B0-434D-A07D-209468B2BCF6" type="GeoLocation">
        <data>il</data>
      </datatype>
      <datatype id="6030B7BA-91D7-4ED0-B895-2AC92C3C4A18" type="GeoLocation">
        <data>by</data>
      </datatype>
      <datatype id="6050AA15-54B8-4117-B1AE-32175A38DB70" type="GeoLocation">
        <data>kg</data>
      </datatype>
      <datatype id="60F72A65-91AD-4D2D-B3A7-D7B52E47E509" type="GeoLocation">
        <data>ls</data>
      </datatype>
      <datatype id="62409CAC-3342-4E1D-AC2D-F91429E7B545" type="GeoLocation">
        <data>ax</data>
      </datatype>
      <datatype id="634BE35F-3C2B-4806-953E-CECFB79F7D74" type="GeoLocation">
        <data>kr</data>
      </datatype>
      <datatype id="655AA4D8-1978-4E93-9F07-6CF6302C2A83" type="GeoLocation">
        <data>sd</data>
      </datatype>
      <datatype id="68E48741-06FE-45D9-89E2-264526A4AADE" type="GeoLocation">
        <data>cu</data>
      </datatype>
      <datatype id="69095F79-1617-402A-A68A-ECBA893E4713" type="GeoLocation">
        <data>sj</data>
      </datatype>
      <datatype id="6D6E5F1C-E327-479A-97E0-D5AAAC0FD359" type="GeoLocation">
        <data>ai</data>
      </datatype>
      <datatype id="6E7D1C30-DC4E-4808-8880-E3B314D5CB6E" type="GeoLocation">
        <data>bv</data>
      </datatype>
      <datatype id="6E839E12-2B62-45B6-BED5-5E29F1DC0D3C" type="GeoLocation">
        <data>lc</data>
      </datatype>
      <datatype id="6F5913F4-31C3-41BB-8686-641139A521B9" type="GeoLocation">
        <data>is</data>
      </datatype>
      <datatype id="707F0C31-E6BA-4EAF-A91E-A78011015B00" type="GeoLocation">
        <data>lr</data>
      </datatype>
      <datatype id="70E55AE6-550B-43FD-B7F5-0F2A1AE5AFB9" type="GeoLocation">
        <data>pf</data>
      </datatype>
      <datatype id="72E82155-E01D-4208-8D9F-26E37AE3C96C" type="GeoLocation">
        <data>sa</data>
      </datatype>
      <datatype id="7452C7A3-0685-4DAB-B8C2-1CE3F3F40CC8" type="GeoLocation">
        <data>at</data>
      </datatype>
      <datatype id="75C4A355-C64F-4D4D-9FDD-406629D94EBA" type="GeoLocation">
        <data>sn</data>
      </datatype>
      <datatype id="7610E85E-7232-486B-BD7A-5C301D9FAFDF" type="GeoLocation">
        <data>mu</data>
      </datatype>
      <datatype id="7822AABC-66F3-4116-91B1-F23C4BBCFCBB" type="GeoLocation">
        <data>ma</data>
      </datatype>
      <datatype id="788E527C-4A81-482F-B3BB-C14ABFC26949" type="GeoLocation">
        <data>vc</data>
      </datatype>
      <datatype id="790D2D95-6058-482C-8DBF-45EB0155B966" type="GeoLocation">
        <data>bj</data>
      </datatype>
      <datatype id="795EDC4F-9B47-4004-8103-55A1C1B17356" type="GeoLocation">
        <data>gi</data>
      </datatype>
      <datatype id="7B16CF0A-1700-47D8-BEE1-0AF62C9DC8C0" type="GeoLocation">
        <data>ar</data>
      </datatype>
      <datatype id="7C82D064-C563-4447-AC06-0E8681DCAA0C" type="GeoLocation">
        <data>cd</data>
      </datatype>
      <datatype id="7C9DB27F-8F8D-4452-A2A6-359F4FA5B741" type="GeoLocation">
        <data>gq</data>
      </datatype>
      <datatype id="7CF93CE4-8822-43DC-8201-7D8D04838CDB" type="GeoLocation">
        <data>ke</data>
      </datatype>
      <datatype id="7ED396A6-3FBD-498F-9F7D-6FF94AE16E99" type="GeoLocation">
        <data>cv</data>
      </datatype>
      <datatype id="80409727-2765-4C42-B70E-7151527DB2E2" type="GeoLocation">
        <data>no</data>
      </datatype>
      <datatype id="80B13D9A-4ABB-4E4B-AC90-95A5C117E419" type="GeoLocation">
        <data>dk</data>
      </datatype>
      <datatype id="82C62630-F2E9-4FF6-8C12-B90191BF1A15" type="GeoLocation">
        <data>de</data>
      </datatype>
      <datatype id="85261696-7EC5-4129-9E94-7585CEA2D886" type="GeoLocation">
        <data>zm</data>
      </datatype>
      <datatype id="864465BB-DF90-40D2-955D-BF3761B6B9BF" type="GeoLocation">
        <data>td</data>
      </datatype>
      <datatype id="86AB749B-98D4-4837-A086-64678ED99F74" type="GeoLocation">
        <data>co</data>
      </datatype>
      <datatype id="86B70B9E-29EE-4910-BC24-AD24C2200F00" type="GeoLocation">
        <data>bz</data>
      </datatype>
      <datatype id="87643F09-CC3F-4A9E-B420-09B009DD31D0" type="GeoLocation">
        <data>om</data>
      </datatype>
      <datatype id="87F0A159-E06B-48D3-AFEF-716CF7303DBA" type="GeoLocation">
        <data>et</data>
      </datatype>
      <datatype id="8AC23C73-E3A1-427A-9600-B418E7D5A5F3" type="GeoLocation">
        <data>mh</data>
      </datatype>
      <datatype id="8AD39AA5-7BCD-4CDF-A236-849077B7D40E" type="GeoLocation">
        <data>mt</data>
      </datatype>
      <datatype id="8BC52AC6-7494-4BCA-8A9A-B99A85EAD792" type="GeoLocation">
        <data>pn</data>
      </datatype>
      <datatype id="8BF49B76-1C4E-417C-8C40-E8AEFF4FB452" type="GeoLocation">
        <data>er</data>
      </datatype>
      <datatype id="8EA9926C-CF0C-4B42-9493-4AFE514B7D6B" type="GeoLocation">
        <data>tv</data>
      </datatype>
      <datatype id="8F6142A0-0470-492D-B2E0-C17FFCA44BCB" type="GeoLocation">
        <data>al</data>
      </datatype>
      <datatype id="8F64557B-13D9-46AE-A5A7-8A1CD72286D5" type="GeoLocation">
        <data>la</data>
      </datatype>
      <datatype id="904F3015-FA5A-42CE-AB37-59606000526E" type="GeoLocation">
        <data>tg</data>
      </datatype>
      <datatype id="907AE243-B692-4CDD-8C88-60B194070291" type="GeoLocation">
        <data>ir</data>
      </datatype>
      <datatype id="918D475B-4886-428C-A51B-8D4AB688E3A1" type="GeoLocation">
        <data>gd</data>
      </datatype>
      <datatype id="93E88A68-98D7-4322-B9A3-E66E3D15A3B4" type="GeoLocation">
        <data>au</data>
      </datatype>
      <datatype id="9400AC5B-DD08-4DE9-9AEF-1270F2DB4DF7" type="GeoLocation">
        <data>th</data>
      </datatype>
      <datatype id="95CFFBFF-F3AB-4E6B-A183-86D4B34CA09F" type="GeoLocation">
        <data>ro</data>
      </datatype>
      <datatype id="96F73E12-FCEE-48DC-BD24-5584D2FAB7F0" type="GeoLocation">
        <data>mg</data>
      </datatype>
      <datatype id="9A1C005B-808F-4155-90E8-870A9B9CF182" type="GeoLocation">
        <data>sv</data>
      </datatype>
      <datatype id="9B62B1D1-3338-4D13-8A4F-889797798B41" type="GeoLocation">
        <data>ly</data>
      </datatype>
      <datatype id="9B7352A7-8144-459E-85EE-02913E5830BE" type="GeoLocation">
        <data>cs</data>
      </datatype>
      <datatype id="9D10A06E-C656-4DF9-969B-FEF61EBF5684" type="GeoLocation">
        <data>st</data>
      </datatype>
      <datatype id="9D80E5EE-8B7F-447E-A742-C55EE81AAFE3" type="GeoLocation">
        <data>lt</data>
      </datatype>
      <datatype id="9ED2CFD3-0A68-4DCE-A62A-34DC2619C018" type="GeoLocation">
        <data>am</data>
      </datatype>
      <datatype id="A22FE27E-0D3F-47F7-9C19-BF82AA60DECA" type="GeoLocation">
        <data>pr</data>
      </datatype>
      <datatype id="A3233392-28BC-4185-BF73-D04B1B68B0DA" type="GeoLocation">
        <data>eg</data>
      </datatype>
      <datatype id="A4A72A3C-8B6F-4D29-B40E-7FE707D6D15E" type="GeoLocation">
        <data>mm</data>
      </datatype>
      <datatype id="A5E34C98-E1EF-4129-BBA9-55085D25D823" type="GeoLocation">
        <data>uz</data>
      </datatype>
      <datatype id="A6C712D3-1272-4EAB-B6E8-DFDFACBD2D9A" type="GeoLocation">
        <data>ao</data>
      </datatype>
      <datatype id="A7B1128A-642A-4FF6-9550-B11EB02DCB68" type="GeoLocation">
        <data>ee</data>
      </datatype>
      <datatype id="A97BD85B-80BD-4134-B79C-3018745ED6F7" type="GeoLocation">
        <data>ws</data>
      </datatype>
      <datatype id="A9C6D6DC-AF2A-4010-A8E8-5A27B7E4EE98" type="GeoLocation">
        <data>hr</data>
      </datatype>
      <datatype id="AAA3BB42-B5F0-4751-A378-01D47EF5AD0B" type="GeoLocation">
        <data>qa</data>
      </datatype>
      <datatype id="ABB7F995-00F4-4312-8071-868B3608326A" type="GeoLocation">
        <data>ve</data>
      </datatype>
      <datatype id="AD002B92-7975-4F34-969A-B45860C96348" type="GeoLocation">
        <data>az</data>
      </datatype>
      <datatype id="AF785844-11C0-4692-BD93-397412E80DB1" type="GeoLocation">
        <data>ag</data>
      </datatype>
      <datatype id="AFAFA808-B2DD-47D9-954B-391D3D3FFFA5" type="GeoLocation">
        <data>my</data>
      </datatype>
      <datatype id="B203F45B-73F7-4A0B-9287-B5EF318C61B5" type="GeoLocation">
        <data>gy</data>
      </datatype>
      <datatype id="B2876E52-27AA-4D04-99D5-8881E5479C9A" type="GeoLocation">
        <data>ca</data>
      </datatype>
      <datatype id="B2BB68F9-6BF2-4B65-A26A-02D05A548032" type="GeoLocation">
        <data>tc</data>
      </datatype>
      <datatype id="B442F8E1-6B3E-4E1D-80EA-AA8340660B54" type="GeoLocation">
        <data>se</data>
      </datatype>
      <datatype id="B8144F7A-8E24-45FB-B141-CFD2EA88B488" type="GeoLocation">
        <data>bm</data>
      </datatype>
      <datatype id="B8166193-6D92-49DA-844D-B5140118373F" type="GeoLocation">
        <data>nu</data>
      </datatype>
      <datatype id="B9A09285-8733-4224-89E4-5E3C482EB0EE" type="GeoLocation">
        <data>nc</data>
      </datatype>
      <datatype id="BA108A4B-DAF5-4969-9F81-F346BEE9FC28" type="GeoLocation">
        <data>tz</data>
      </datatype>
      <datatype id="BC8DB881-2B27-49DB-B197-0E3248D94834" type="GeoLocation">
        <data>ck</data>
      </datatype>
      <datatype id="BC965D41-56F8-4E25-AFE9-A3F7750D6218" type="GeoLocation">
        <data>vn</data>
      </datatype>
      <datatype id="BDD94C00-D702-4515-A376-5CA97D767B04" type="GeoLocation">
        <data>gb</data>
      </datatype>
      <datatype id="C025354C-B488-4D9D-8188-5CCD20174EDC" type="GeoLocation">
        <data>hn</data>
      </datatype>
      <datatype id="C1319877-40BD-447E-8742-D1E446E8E647" type="GeoLocation">
        <data>np</data>
      </datatype>
      <datatype id="C19D511F-DF75-4338-8BAD-6CE543F92EBA" type="GeoLocation">
        <data>io</data>
      </datatype>
      <datatype id="C2071DCD-9CF5-4F71-96FD-8799456BA9B1" type="GeoLocation">
        <data>wf</data>
      </datatype>
      <datatype id="C42AE0F8-0495-4674-8165-9A76321CAACB" type="GeoLocation">
        <data>aw</data>
      </datatype>
      <datatype id="C44F33BE-4033-4E24-8C5C-D83E5ED8FB25" type="GeoLocation">
        <data>nr</data>
      </datatype>
      <datatype id="C604794B-4B16-4821-8F32-F704B6F7214A" type="GeoLocation">
        <data>mw</data>
      </datatype>
      <datatype id="C64FA968-A8E9-4798-9234-6998065BC8EE" type="GeoLocation">
        <data>ge</data>
      </datatype>
      <datatype id="C824188D-F2D1-41E5-B0F4-B623322F9BF1" type="GeoLocation">
        <data>fj</data>
      </datatype>
      <datatype id="C8CF9B25-580E-4491-A982-4DBA0A4E497D" type="GeoLocation">
        <data>kh</data>
      </datatype>
      <datatype id="C99779DE-408A-4BA7-BDBE-B985CFBD6CF5" type="GeoLocation">
        <data>an</data>
      </datatype>
      <datatype id="CA5148CC-4547-4D4E-8D28-1CB3B90A301B" type="GeoLocation">
        <data>lu</data>
      </datatype>
      <datatype id="CB8687BD-72BC-433F-968A-D2494A616AE3" type="GeoLocation">
        <data>pg</data>
      </datatype>
      <datatype id="CCCE6C81-7D98-4742-AE48-31F6FFDDAE09" type="GeoLocation">
        <data>gn</data>
      </datatype>
      <datatype id="CD0F2379-BCFF-4D69-9051-9657D108EB64" type="GeoLocation">
        <data>do</data>
      </datatype>
      <datatype id="CD2283C4-064A-4CA3-B0B4-980EB3CBF2D6" type="GeoLocation">
        <data>eh</data>
      </datatype>
      <datatype id="CD7564E7-4162-4AE7-B41C-AD0B1C1BA6C1" type="GeoLocation">
        <data>ug</data>
      </datatype>
      <datatype id="CDC5B8F7-B3A8-4F79-B80F-AFE9873F2197" type="GeoLocation">
        <data>pe</data>
      </datatype>
      <datatype id="CE4F6CCF-04EB-42FA-9C71-545851EF8968" type="GeoLocation">
        <data>sz</data>
      </datatype>
      <datatype id="CE9E170F-6AFB-44A0-8F00-FAF6FC1DDA52" type="GeoLocation">
        <data>bo</data>
      </datatype>
      <datatype id="D0F2467D-B01D-454C-BF8C-313FC80A5D03" type="GeoLocation">
        <data>yt</data>
      </datatype>
      <datatype id="D0FE839F-52A2-4080-8D6F-33632D942C9F" type="GeoLocation">
        <data>bg</data>
      </datatype>
      <datatype id="D19F1B71-A9DA-4FE1-8760-2F73DA6B6873" type="GeoLocation">
        <data>cx</data>
      </datatype>
      <datatype id="D277EB56-636F-49B4-AF3D-76BAB915A85F" type="GeoLocation">
        <data>sl</data>
      </datatype>
      <datatype id="D4434CA5-BDC0-4E45-9C39-46861CB27ABC" type="GeoLocation">
        <data>ie</data>
      </datatype>
      <datatype id="D50823ED-DFFB-4F41-9009-5181631B49C9" type="GeoLocation">
        <data>gr</data>
      </datatype>
      <datatype id="D549996C-4444-4297-A261-204F726185E2" type="GeoLocation">
        <data>za</data>
      </datatype>
      <datatype id="D63795D1-0802-45DE-AE8A-856F520CB750" type="GeoLocation">
        <data>ec</data>
      </datatype>
      <datatype id="D792ADA0-C6AD-4984-931F-D2AD0E3F0C97" type="GeoLocation">
        <data>us</data>
      </datatype>
      <datatype id="D7E97032-01C6-4265-B08A-57A54B483129" type="GeoLocation">
        <data>it</data>
      </datatype>
      <datatype id="D7F6E1B7-93E7-457F-BD5D-29FD273FAD54" type="GeoLocation">
        <data>ne</data>
      </datatype>
      <datatype id="DA53C167-229C-485D-994E-42AC228D799B" type="GeoLocation">
        <data>tn</data>
      </datatype>
      <datatype id="DA9AAFBF-73AA-49FB-85DA-07E508621FC0" type="GeoLocation">
        <data>ml</data>
      </datatype>
      <datatype id="DB239363-135B-485A-B9B8-47AC1416ACE5" type="GeoLocation">
        <data>bd</data>
      </datatype>
      <datatype id="DE70986A-2CE4-4653-9668-93C0F9B69BF7" type="GeoLocation">
        <data>mo</data>
      </datatype>
      <datatype id="E0698EA6-EB8A-4925-B721-8DC1F7D62959" type="GeoLocation">
        <data>mq</data>
      </datatype>
      <datatype id="E5335109-F466-44F0-8C73-03131AE72494" type="GeoLocation">
        <data>cr</data>
      </datatype>
      <datatype id="E5DFDE23-03EB-4F42-8197-ACF0F7A0B0B3" type="GeoLocation">
        <data>iq</data>
      </datatype>
      <datatype id="E6A75CA6-DE6C-4010-BB84-BA0EE94FFC45" type="GeoLocation">
        <data>tf</data>
      </datatype>
      <datatype id="E764B6A5-6F80-4C9A-B138-07520C563248" type="GeoLocation">
        <data>gu</data>
      </datatype>
      <datatype id="E78C0B8C-2405-4BA3-B370-FA5F820F25A5" type="GeoLocation">
        <data>fi</data>
      </datatype>
      <datatype id="E844A3D5-48F9-406D-B898-F22A52DED119" type="GeoLocation">
        <data>bn</data>
      </datatype>
      <datatype id="E84C2820-7EEF-4DD1-873C-ABB7EA7939BC" type="GeoLocation">
        <data>ga</data>
      </datatype>
      <datatype id="EC869B38-02C7-40CD-A334-06AEE73A1CB7" type="GeoLocation">
        <data>ky</data>
      </datatype>
      <datatype id="EDAB9485-680A-499D-AA0B-DA5E49219102" type="GeoLocation">
        <data>nf</data>
      </datatype>
      <datatype id="EE37AB54-2F26-4F60-A29E-9B5EC138619E" type="GeoLocation">
        <data>hu</data>
      </datatype>
      <datatype id="EF6C970E-6CD2-405D-9580-C3A9B0C81D30" type="GeoLocation">
        <data>ni</data>
      </datatype>
      <datatype id="EF8815FF-B715-4482-BD4A-5D105916E429" type="GeoLocation">
        <data>re</data>
      </datatype>
      <datatype id="EFC9EDC3-C6B5-4B18-96A1-F3E9E32EB85A" type="GeoLocation">
        <data>bi</data>
      </datatype>
      <datatype id="F0E8C08B-E4A6-4A12-8543-8C567FC41B50" type="GeoLocation">
        <data>sc</data>
      </datatype>
      <datatype id="F251483F-3877-48A5-AA73-E0B864ADA105" type="GeoLocation">
        <data>gh</data>
      </datatype>
      <datatype id="F3A72D51-FD62-4DA8-B5E6-94EEDF21A860" type="GeoLocation">
        <data>na</data>
      </datatype>
      <datatype id="F4A1904C-330E-4ACB-8788-6599AA317CD3" type="GeoLocation">
        <data>ps</data>
      </datatype>
      <datatype id="F4DDDF60-035F-4BE8-9AD1-8E8ADB968E5E" type="GeoLocation">
        <data>in</data>
      </datatype>
      <datatype id="F568A1D8-632B-4409-97BD-4BAA5189DD01" type="GeoLocation">
        <data>sb</data>
      </datatype>
      <datatype id="F6FD908D-6C33-40D9-8C36-2A5DF95EF92F" type="GeoLocation">
        <data>kp</data>
      </datatype>
      <datatype id="F7D1B00F-9750-46ED-8288-BEB7218D9564" type="GeoLocation">
        <data>af</data>
      </datatype>
      <datatype id="F8854D18-5848-4BFC-AFDE-3A96AEC9B63C" type="GeoLocation">
        <data>mk</data>
      </datatype>
      <datatype id="FA7653B8-8094-4903-ADD4-8B208C3AA892" type="GeoLocation">
        <data>li</data>
      </datatype>
      <datatype id="FA9E93E7-55F1-47BB-8B94-665A0F797DD7" type="GeoLocation">
        <data>dm</data>
      </datatype>
      <datatype id="FBA2EC7A-EAFA-4BBF-AF30-02E7893638A1" type="GeoLocation">
        <data>gs</data>
      </datatype>
      <datatype id="FBF6CD35-E8D2-46AF-907D-9843ABF527EB" type="GeoLocation">
        <data>pm</data>
      </datatype>
      <datatype id="FCA78756-642F-4B23-B834-CE2F3BA4C80E" type="GeoLocation">
        <data>md</data>
      </datatype>
      <datatype id="FCE994A3-7CE3-44BB-BBCD-4E9C2EB7790C" type="GeoLocation">
        <data>pa</data>
      </datatype>
      <datatype id="FD20B8DF-1220-4278-AF86-6E8AFB9DCC6F" type="GeoLocation">
        <data>vg</data>
      </datatype>
      <datatype id="FD79CB97-960C-4CA8-843E-16E9073B93C4" type="GeoLocation">
        <data>sg</data>
      </datatype>
      <datatype id="FDC5D13C-53CE-448D-B781-8946857E005C" type="GeoLocation">
        <data>aq</data>
      </datatype>
      <datatype id="FE6FC844-AB7C-4603-913D-33B71F944226" type="GeoLocation">
        <data>ae</data>
      </datatype>
      <datatype id="FF52A3D5-E8F6-4C46-A8C6-CBAD66AD0092" type="GeoLocation">
        <data>gt</data>
      </datatype>
      <datatype id="FF6844B1-9E9A-48D9-A4AD-A5752B724A89" type="GeoLocation">
        <data>tr</data>
      </datatype>
      <datatype id="FFA7379E-E6A9-47BE-BD06-E50C12D9FD8E" type="GeoLocation">
        <data>ph</data>
      </datatype>
    </datatypes>
    <operationsTable>
      <operationItem>
        <groupid>1</groupid>
        <operation>5</operation>
      </operationItem>
      <operationItem>
        <groupid>10</groupid>
        <operation>5</operation>
      </operationItem>
      <operationItem>
        <groupid>11</groupid>
        <operation>1</operation>
      </operationItem>
      <operationItem>
        <groupid>12</groupid>
        <operation>1</operation>
      </operationItem>
      <operationItem>
        <groupid>12</groupid>
        <operation>3</operation>
      </operationItem>
      <operationItem>
        <groupid>12</groupid>
        <operation>5</operation>
      </operationItem>
      <operationItem>
        <groupid>13</groupid>
        <operation>1</operation>
      </operationItem>
      <operationItem>
        <groupid>13</groupid>
        <operation>3</operation>
      </operationItem>
      <operationItem>
        <groupid>2</groupid>
        <operation>1</operation>
      </operationItem>
      <operationItem>
        <groupid>2</groupid>
        <operation>3</operation>
      </operationItem>
      <operationItem>
        <groupid>3</groupid>
        <operation>5</operation>
      </operationItem>
      <operationItem>
        <groupid>4</groupid>
        <operation>3</operation>
      </operationItem>
      <operationItem>
        <groupid>4</groupid>
        <operation>5</operation>
      </operationItem>
      <operationItem>
        <groupid>5</groupid>
        <operation>3</operation>
      </operationItem>
      <operationItem>
        <groupid>5</groupid>
        <operation>5</operation>
      </operationItem>
      <operationItem>
        <groupid>51</groupid>
        <operation>1</operation>
      </operationItem>
      <operationItem>
        <groupid>51</groupid>
        <operation>8</operation>
      </operationItem>
      <operationItem>
        <groupid>52</groupid>
        <operation>1</operation>
      </operationItem>
      <operationItem>
        <groupid>52</groupid>
        <operation>8</operation>
      </operationItem>
      <operationItem>
        <groupid>6</groupid>
        <operation>3</operation>
      </operationItem>
      <operationItem>
        <groupid>8</groupid>
        <operation>5</operation>
      </operationItem>
      <operationItem>
        <groupid>9</groupid>
        <operation>5</operation>
      </operationItem>
    </operationsTable>
    <excludetable/>
  </resourceResolverWorkingSet>

</policyEngineConfig>